order_id,customer_id,customer_name,customer_email,order_date,product_id,product_name,quantity,unit_price,order_status,country
10001,C001,John Smith,john@example.com,2026-01-01,P1001,Laptop,1,750.0,PENDING,USA
10002,C002,Priya Sharma,priya.sharma@example.com,2026-01-02,P1002,Wireless Mouse,2,26.0,COMPLETED,India
10003,C003,Carlos Rivera,carlos.rivera@example.com,2026-01-03,P1003,USB-C Hub,3,40.99,CANCELLED,UK
10004,C004,Amina Hassan,amina.hassan@example.com,2026-01-04,P1004,Monitor,4,220.0,RETURNED,Germany
10005,C005,Wei Chen,wei.chen@example.com,2026-01-05,P1005,Keyboard,5,45.5,PENDING,Canada
10006,C006,Emma Wilson,emma.wilson@example.com,2026-01-06,P1006,Webcam,1,60.99,COMPLETED,Australia
10007,C007,Noah Patel,noah.patel@example.com,2026-01-07,P1007,Headphones,2,89.0,CANCELLED,Japan
10008,C008,Sofia Rossi,sofia.rossi@example.com,2026-01-08,P1008,Desk Chair,3,175.5,RETURNED,Brazil
10009,C009,Liam O'Brien,liam.obrien@example.com,2026-01-09,P1001,Laptop,4,751.0,PENDING,USA
10010,C010,Yuki Tanaka,yuki.tanaka@example.com,2026-01-10,P1002,Wireless Mouse,5,25.5,COMPLETED,India
10011,C011,Maria Santos,maria.santos@example.com,2026-01-11,P1003,USB-C Hub,1,40.49,CANCELLED,UK
10012,C012,Omar Farouk,omar.farouk@example.com,2026-01-12,P1004,Monitor,2,221.0,RETURNED,Germany
10013,C001,John Smith,john@example.com,2026-01-13,P1005,Keyboard,3,45.0,PENDING,Canada
10014,C002,Priya Sharma,priya.sharma@example.com,2026-01-14,P1006,Webcam,4,60.49,COMPLETED,Australia
10015,C003,Carlos Rivera,carlos.rivera@example.com,2026-01-15,P1007,Headphones,5,90.0,CANCELLED,Japan
10016,C004,Amina Hassan,amina.hassan@example.com,2026-01-16,P1008,Desk Chair,1,175.0,RETURNED,Brazil
10017,C005,Wei Chen,wei.chen@example.com,2026-01-17,P1001,Laptop,2,750.5,PENDING,USA
10018,C006,Emma Wilson,emma.wilson@example.com,2026-01-18,P1002,Wireless Mouse,3,26.5,COMPLETED,India
10019,C007,Noah Patel,noah.patel@example.com,2026-01-19,P1003,USB-C Hub,4,39.99,CANCELLED,UK
10020,C008,Sofia Rossi,sofia.rossi@example.com,2026-01-20,P1004,Monitor,5,220.5,RETURNED,Germany
10021,C009,Liam O'Brien,liam.obrien@example.com,2026-01-21,P1005,Keyboard,1,46.0,PENDING,Canada
10022,C010,Yuki Tanaka,yuki.tanaka@example.com,2026-01-22,P1006,Webcam,2,59.99,COMPLETED,Australia
10023,C011,Maria Santos,maria.santos@example.com,2026-01-23,P1007,Headphones,3,89.5,CANCELLED,Japan
10024,C012,Omar Farouk,omar.farouk@example.com,2026-01-24,P1008,Desk Chair,4,176.0,RETURNED,Brazil
10025,C001,John Smith,john@example.com,2026-01-25,P1001,Laptop,5,750.0,PENDING,USA
10026,C002,Priya Sharma,priya.sharma@example.com,2026-01-26,P1002,Wireless Mouse,1,26.0,COMPLETED,India
10027,C003,Carlos Rivera,carlos.rivera@example.com,2026-01-27,P1003,USB-C Hub,2,40.99,CANCELLED,UK
10028,C004,Amina Hassan,amina.hassan@example.com,2026-01-28,P1004,Monitor,3,220.0,RETURNED,Germany
10029,C005,Wei Chen,wei.chen@example.com,2026-01-29,P1005,Keyboard,4,45.5,PENDING,Canada
10030,C006,Emma Wilson,emma.wilson@example.com,2026-01-30,P1006,Webcam,5,60.99,COMPLETED,Australia
10031,C007,Noah Patel,noah.patel@example.com,2026-01-31,P1007,Headphones,1,89.0,CANCELLED,Japan
10032,C008,Sofia Rossi,sofia.rossi@example.com,2026-02-01,P1008,Desk Chair,2,175.5,RETURNED,Brazil
10033,C009,Liam O'Brien,liam.obrien@example.com,2026-02-02,P1001,Laptop,3,751.0,PENDING,USA
10034,C010,Yuki Tanaka,yuki.tanaka@example.com,2026-02-03,P1002,Wireless Mouse,4,25.5,COMPLETED,India
10035,C011,Maria Santos,maria.santos@example.com,2026-02-04,P1003,USB-C Hub,5,40.49,CANCELLED,UK
10036,C012,Omar Farouk,omar.farouk@example.com,2026-02-05,P1004,Monitor,1,221.0,RETURNED,Germany
10037,C001,John Smith,john@example.com,2026-02-06,P1005,Keyboard,2,45.0,PENDING,Canada
10038,C002,Priya Sharma,priya.sharma@example.com,2026-02-07,P1006,Webcam,3,60.49,COMPLETED,Australia
10039,C003,Carlos Rivera,carlos.rivera@example.com,2026-02-08,P1007,Headphones,4,90.0,CANCELLED,Japan
10040,C004,Amina Hassan,amina.hassan@example.com,2026-02-09,P1008,Desk Chair,5,175.0,RETURNED,Brazil
10041,C005,Wei Chen,wei.chen@example.com,2026-02-10,P1001,Laptop,1,750.5,PENDING,USA
10042,C006,Emma Wilson,emma.wilson@example.com,2026-02-11,P1002,Wireless Mouse,2,26.5,COMPLETED,India
10043,C007,Noah Patel,noah.patel@example.com,2026-02-12,P1003,USB-C Hub,3,39.99,CANCELLED,UK
10044,C008,Sofia Rossi,sofia.rossi@example.com,2026-02-13,P1004,Monitor,4,220.5,RETURNED,Germany
10045,C009,Liam O'Brien,liam.obrien@example.com,2026-02-14,P1005,Keyboard,5,46.0,PENDING,Canada
10046,C010,Yuki Tanaka,yuki.tanaka@example.com,2026-02-15,P1006,Webcam,1,59.99,COMPLETED,Australia
10047,C011,Maria Santos,maria.santos@example.com,2026-02-16,P1007,Headphones,2,89.5,CANCELLED,Japan
10048,C012,Omar Farouk,omar.farouk@example.com,2026-02-17,P1008,Desk Chair,3,176.0,RETURNED,Brazil
10049,C001,John Smith,john@example.com,2026-02-18,P1001,Laptop,4,750.0,PENDING,USA
10050,C002,Priya Sharma,priya.sharma@example.com,2026-02-19,P1002,Wireless Mouse,5,26.0,COMPLETED,India
10051,C003,Carlos Rivera,carlos.rivera@example.com,2026-02-20,P1003,USB-C Hub,1,40.99,CANCELLED,UK
10052,C004,Amina Hassan,amina.hassan@example.com,2026-02-21,P1004,Monitor,2,220.0,RETURNED,Germany
10053,C005,Wei Chen,wei.chen@example.com,2026-02-22,P1005,Keyboard,3,45.5,PENDING,Canada
10054,C006,Emma Wilson,emma.wilson@example.com,2026-02-23,P1006,Webcam,4,60.99,COMPLETED,Australia
10055,C007,Noah Patel,noah.patel@example.com,2026-02-24,P1007,Headphones,5,89.0,CANCELLED,Japan
10056,C008,Sofia Rossi,sofia.rossi@example.com,2026-02-25,P1008,Desk Chair,1,175.5,RETURNED,Brazil
10057,C009,Liam O'Brien,liam.obrien@example.com,2026-02-26,P1001,Laptop,2,751.0,PENDING,USA
10058,C010,Yuki Tanaka,yuki.tanaka@example.com,2026-02-27,P1002,Wireless Mouse,3,25.5,COMPLETED,India
10059,C011,Maria Santos,maria.santos@example.com,2026-02-28,P1003,USB-C Hub,4,40.49,CANCELLED,UK
10060,C012,Omar Farouk,omar.farouk@example.com,2026-03-01,P1004,Monitor,5,221.0,RETURNED,Germany
10061,C001,John Smith,john@example.com,2026-03-02,P1005,Keyboard,1,45.0,PENDING,Canada
10062,C002,Priya Sharma,priya.sharma@example.com,2026-03-03,P1006,Webcam,2,60.49,COMPLETED,Australia
10063,C003,Carlos Rivera,carlos.rivera@example.com,2026-03-04,P1007,Headphones,3,90.0,CANCELLED,Japan
10064,C004,Amina Hassan,amina.hassan@example.com,2026-03-05,P1008,Desk Chair,4,175.0,RETURNED,Brazil
10065,C005,Wei Chen,wei.chen@example.com,2026-03-06,P1001,Laptop,5,750.5,PENDING,USA
10066,C006,Emma Wilson,emma.wilson@example.com,2026-03-07,P1002,Wireless Mouse,1,26.5,COMPLETED,India
10067,C007,Noah Patel,noah.patel@example.com,2026-03-08,P1003,USB-C Hub,2,39.99,CANCELLED,UK
10068,C008,Sofia Rossi,sofia.rossi@example.com,2026-03-09,P1004,Monitor,3,220.5,RETURNED,Germany
10069,C009,Liam O'Brien,liam.obrien@example.com,2026-03-10,P1005,Keyboard,4,46.0,PENDING,Canada
10070,C010,Yuki Tanaka,yuki.tanaka@example.com,2026-03-11,P1006,Webcam,5,59.99,COMPLETED,Australia
10071,C011,Maria Santos,maria.santos@example.com,2026-03-12,P1007,Headphones,1,89.5,CANCELLED,Japan
10072,C012,Omar Farouk,omar.farouk@example.com,2026-03-13,P1008,Desk Chair,2,176.0,RETURNED,Brazil
10073,C001,John Smith,john@example.com,2026-03-14,P1001,Laptop,3,750.0,PENDING,USA
10074,C002,Priya Sharma,priya.sharma@example.com,2026-03-15,P1002,Wireless Mouse,4,26.0,COMPLETED,India
10075,C003,Carlos Rivera,carlos.rivera@example.com,2026-03-16,P1003,USB-C Hub,5,40.99,CANCELLED,UK
10076,C004,Amina Hassan,amina.hassan@example.com,2026-03-17,P1004,Monitor,1,220.0,RETURNED,Germany
10077,C005,Wei Chen,wei.chen@example.com,2026-03-18,P1005,Keyboard,2,45.5,PENDING,Canada
10078,C006,Emma Wilson,emma.wilson@example.com,2026-03-19,P1006,Webcam,3,60.99,COMPLETED,Australia
10079,C007,Noah Patel,noah.patel@example.com,2026-03-20,P1007,Headphones,4,89.0,CANCELLED,Japan
10080,C008,Sofia Rossi,sofia.rossi@example.com,2026-03-21,P1008,Desk Chair,5,175.5,RETURNED,Brazil
10081,C009,Liam O'Brien,liam.obrien@example.com,2026-03-22,P1001,Laptop,1,751.0,PENDING,USA
10082,C010,Yuki Tanaka,yuki.tanaka@example.com,2026-03-23,P1002,Wireless Mouse,2,25.5,COMPLETED,India
10083,C011,Maria Santos,maria.santos@example.com,2026-03-24,P1003,USB-C Hub,3,40.49,CANCELLED,UK
10084,C012,Omar Farouk,omar.farouk@example.com,2026-03-25,P1004,Monitor,4,221.0,RETURNED,Germany
10085,C001,John Smith,john@example.com,2026-03-26,P1005,Keyboard,5,45.0,PENDING,Canada
10086,C002,Priya Sharma,priya.sharma@example.com,2026-03-27,P1006,Webcam,1,60.49,COMPLETED,Australia
10087,C003,Carlos Rivera,carlos.rivera@example.com,2026-03-28,P1007,Headphones,2,90.0,CANCELLED,Japan
10088,C004,Amina Hassan,amina.hassan@example.com,2026-03-29,P1008,Desk Chair,3,175.0,RETURNED,Brazil
10089,C005,Wei Chen,wei.chen@example.com,2026-03-30,P1001,Laptop,4,750.5,PENDING,USA
10090,C006,Emma Wilson,emma.wilson@example.com,2026-03-31,P1002,Wireless Mouse,5,26.5,COMPLETED,India
10091,C007,Noah Patel,noah.patel@example.com,2026-04-01,P1003,USB-C Hub,1,39.99,CANCELLED,UK
10092,C008,Sofia Rossi,sofia.rossi@example.com,2026-04-02,P1004,Monitor,2,220.5,RETURNED,Germany
10093,C009,Liam O'Brien,liam.obrien@example.com,2026-04-03,P1005,Keyboard,3,46.0,PENDING,Canada
10094,C010,Yuki Tanaka,yuki.tanaka@example.com,2026-04-04,P1006,Webcam,4,59.99,COMPLETED,Australia
10095,C011,Maria Santos,maria.santos@example.com,2026-04-05,P1007,Headphones,5,89.5,CANCELLED,Japan
10096,C012,Omar Farouk,omar.farouk@example.com,2026-04-06,P1008,Desk Chair,1,176.0,RETURNED,Brazil
10097,C001,John Smith,john@example.com,2026-04-07,P1001,Laptop,2,750.0,PENDING,USA
10098,C002,Priya Sharma,priya.sharma@example.com,2026-04-08,P1002,Wireless Mouse,3,26.0,COMPLETED,India
10099,C003,Carlos Rivera,carlos.rivera@example.com,2026-04-09,P1003,USB-C Hub,4,40.99,CANCELLED,UK
10100,C004,Amina Hassan,amina.hassan@example.com,2026-04-10,P1004,Monitor,5,220.0,RETURNED,Germany
10001,C005,Wei Chen,wei.chen@example.com,2026-04-11,P1005,Keyboard,1,45.5,PENDING,Canada
10002,C006,Emma Wilson,emma.wilson@example.com,2026-04-12,P1006,Webcam,2,60.99,COMPLETED,Australia
10003,C007,Noah Patel,noah.patel@example.com,2026-04-13,P1007,Headphones,3,89.0,CANCELLED,Japan
10004,C008,Sofia Rossi,sofia.rossi@example.com,2026-04-14,P1008,Desk Chair,4,175.5,RETURNED,Brazil
10005,C009,Liam O'Brien,liam.obrien@example.com,2026-04-15,P1001,Laptop,5,751.0,PENDING,USA
10006,C010,Yuki Tanaka,yuki.tanaka@example.com,2026-04-16,P1002,Wireless Mouse,1,25.5,COMPLETED,India
10007,C011,Maria Santos,maria.santos@example.com,2026-04-17,P1003,USB-C Hub,2,40.49,CANCELLED,UK
10008,C012,Omar Farouk,omar.farouk@example.com,2026-04-18,P1004,Monitor,3,221.0,RETURNED,Germany
10009,C001,John Smith,john@example.com,2026-04-19,P1005,Keyboard,4,45.0,PENDING,Canada
10010,C002,Priya Sharma,priya.sharma@example.com,2026-04-20,P1006,Webcam,5,60.49,COMPLETED,Australia
10011,C003,Carlos Rivera,carlos.rivera@example.com,2026-04-21,P1007,Headphones,1,90.0,CANCELLED,Japan
10012,C004,Amina Hassan,amina.hassan@example.com,2026-04-22,P1008,Desk Chair,2,175.0,RETURNED,Brazil
10113,C005,Wei Chen,wei.chen@example.com,2026-04-23,P1001,Laptop,3,750.5,PENDING,USA
10114,C006,Emma Wilson,emma.wilson@example.com,2026-04-24,P1002,Wireless Mouse,4,26.5,COMPLETED,India
10115,C007,Noah Patel,noah.patel@example.com,2026-04-25,P1003,USB-C Hub,5,39.99,CANCELLED,UK
10116,C008,Sofia Rossi,sofia.rossi@example.com,2026-04-26,P1004,Monitor,1,220.5,RETURNED,Germany
10117,C009,Liam O'Brien,liam.obrien@example.com,2026-04-27,P1005,Keyboard,2,46.0,PENDING,Canada
10118,C010,Yuki Tanaka,yuki.tanaka@example.com,2026-04-28,P1006,Webcam,3,59.99,COMPLETED,Australia
10119,C011,Maria Santos,maria.santos@example.com,2026-04-29,P1007,Headphones,4,89.5,CANCELLED,Japan
10120,C012,Omar Farouk,omar.farouk@example.com,2026-04-30,P1008,Desk Chair,5,176.0,RETURNED,Brazil
10121,C001,John Smith,john@example.com,2026-05-01,P1001,Laptop,1,750.0,PENDING,USA
10122,C002,Priya Sharma,priya.sharma@example.com,2026-05-02,P1002,Wireless Mouse,2,26.0,COMPLETED,India
10123,C003,Carlos Rivera,carlos.rivera@example.com,2026-05-03,P1003,USB-C Hub,3,40.99,CANCELLED,UK
10124,C004,Amina Hassan,amina.hassan@example.com,2026-05-04,P1004,Monitor,4,220.0,RETURNED,Germany
10125,C005,Wei Chen,wei.chen@example.com,2026-05-05,P1005,Keyboard,5,45.5,PENDING,Canada
10126,C006,Emma Wilson,emma.wilson@example.com,2026-05-06,P1006,Webcam,1,60.99,COMPLETED,Australia
10127,C007,Noah Patel,noah.patel@example.com,2026-05-07,P1007,Headphones,2,89.0,CANCELLED,Japan
10128,C008,Sofia Rossi,sofia.rossi@example.com,2026-05-08,P1008,Desk Chair,3,175.5,RETURNED,Brazil
10129,C009,Liam O'Brien,liam.obrien@example.com,2026-05-09,P1001,Laptop,4,751.0,PENDING,USA
10130,C010,Yuki Tanaka,yuki.tanaka@example.com,2026-05-10,P1002,Wireless Mouse,5,25.5,COMPLETED,India
10131,C011,Maria Santos,maria.santos@example.com,2026-05-11,P1003,USB-C Hub,1,40.49,CANCELLED,UK
10132,C012,Omar Farouk,omar.farouk@example.com,2026-05-12,P1004,Monitor,2,221.0,RETURNED,Germany
10133,C001,John Smith,john@example.com,2026-05-13,P1005,Keyboard,3,45.0,PENDING,Canada
10134,C002,Priya Sharma,priya.sharma@example.com,2026-05-14,P1006,Webcam,4,60.49,COMPLETED,Australia
10135,C003,Carlos Rivera,carlos.rivera@example.com,2026-05-15,P1007,Headphones,5,90.0,CANCELLED,Japan
10136,C004,Amina Hassan,amina.hassan@example.com,2026-05-16,P1008,Desk Chair,1,175.0,RETURNED,Brazil
10137,C005,Wei Chen,wei.chen@example.com,2026-05-17,P1001,Laptop,2,750.5,PENDING,USA
10138,C006,Emma Wilson,emma.wilson@example.com,2026-05-18,P1002,Wireless Mouse,3,26.5,COMPLETED,India
10139,C007,Noah Patel,noah.patel@example.com,2026-05-19,P1003,USB-C Hub,4,39.99,CANCELLED,UK
10140,C008,Sofia Rossi,sofia.rossi@example.com,2026-05-20,P1004,Monitor,5,220.5,RETURNED,Germany
10141,C009,Liam O'Brien,liam.obrien@example.com,2026-05-21,P1005,Keyboard,1,46.0,PENDING,Canada
10142,C010,Yuki Tanaka,yuki.tanaka@example.com,2026-05-22,P1006,Webcam,2,59.99,COMPLETED,Australia
10143,C011,Maria Santos,maria.santos@example.com,2026-05-23,P1007,Headphones,3,89.5,CANCELLED,Japan
10144,C012,Omar Farouk,omar.farouk@example.com,2026-05-24,P1008,Desk Chair,4,176.0,RETURNED,Brazil
10145,C001,John Smith,john@example.com,2026-05-25,P1001,Laptop,5,750.0,PENDING,USA
10146,C002,Priya Sharma,priya.sharma@example.com,2026-05-26,P1002,Wireless Mouse,1,26.0,COMPLETED,India
10147,C003,Carlos Rivera,carlos.rivera@example.com,2026-05-27,P1003,USB-C Hub,2,40.99,CANCELLED,UK
10148,C004,Amina Hassan,amina.hassan@example.com,2026-05-28,P1004,Monitor,3,220.0,RETURNED,Germany
10149,C005,Wei Chen,wei.chen@example.com,2026-05-29,P1005,Keyboard,4,45.5,PENDING,Canada
10150,C006,Emma Wilson,emma.wilson@example.com,2026-05-30,P1006,Webcam,5,60.99,COMPLETED,Australia
10151,C007,Noah Patel,noah.patel@example.com,2026-05-31,P1007,Headphones,1,89.0,CANCELLED,Japan
10152,C008,Sofia Rossi,sofia.rossi@example.com,2026-06-01,P1008,Desk Chair,2,175.5,RETURNED,Brazil
10153,C009,Liam O'Brien,liam.obrien@example.com,2026-06-02,P1001,Laptop,3,751.0,PENDING,USA
10154,C010,Yuki Tanaka,yuki.tanaka@example.com,2026-06-03,P1002,Wireless Mouse,4,25.5,COMPLETED,India
10155,C011,Maria Santos,maria.santos@example.com,2026-06-04,P1003,USB-C Hub,5,40.49,CANCELLED,UK
10156,C012,Omar Farouk,omar.farouk@example.com,2026-06-05,P1004,Monitor,1,221.0,RETURNED,Germany
10157,C001,John Smith,john@example.com,2026-06-06,P1005,Keyboard,2,45.0,PENDING,Canada
10158,C002,Priya Sharma,priya.sharma@example.com,2026-06-07,P1006,Webcam,3,60.49,COMPLETED,Australia
10159,C003,Carlos Rivera,carlos.rivera@example.com,2026-06-08,P1007,Headphones,4,90.0,CANCELLED,Japan
10160,C004,Amina Hassan,amina.hassan@example.com,2026-06-09,P1008,Desk Chair,5,175.0,RETURNED,Brazil
10161,C005,Wei Chen,wei.chen@example.com,2026-06-10,P1001,Laptop,1,750.5,PENDING,USA
10162,C006,Emma Wilson,emma.wilson@example.com,2026-06-11,P1002,Wireless Mouse,2,26.5,COMPLETED,India
10163,C007,Noah Patel,noah.patel@example.com,2026-06-12,P1003,USB-C Hub,3,39.99,CANCELLED,UK
10164,C008,Sofia Rossi,sofia.rossi@example.com,2026-06-13,P1004,Monitor,4,220.5,RETURNED,Germany
10165,C009,Liam O'Brien,liam.obrien@example.com,2026-06-14,P1005,Keyboard,5,46.0,PENDING,Canada
10166,C010,Yuki Tanaka,yuki.tanaka@example.com,2026-06-15,P1006,Webcam,1,59.99,COMPLETED,Australia
10167,C011,Maria Santos,maria.santos@example.com,2026-06-16,P1007,Headphones,2,89.5,CANCELLED,Japan
10168,C012,Omar Farouk,omar.farouk@example.com,2026-06-17,P1008,Desk Chair,3,176.0,RETURNED,Brazil
10169,C001,John Smith,john@example.com,2026-06-18,P1001,Laptop,4,750.0,PENDING,USA
10170,C002,Priya Sharma,priya.sharma@example.com,2026-06-19,P1002,Wireless Mouse,5,26.0,COMPLETED,India
10171,C003,Carlos Rivera,carlos.rivera@example.com,2026-06-20,P1003,USB-C Hub,1,40.99,CANCELLED,UK
10172,C004,Amina Hassan,amina.hassan@example.com,2026-06-21,P1004,Monitor,2,220.0,RETURNED,Germany
10173,C005,Wei Chen,wei.chen@example.com,2026-06-22,P1005,Keyboard,3,45.5,PENDING,Canada
10174,C006,Emma Wilson,emma.wilson@example.com,2026-06-23,P1006,Webcam,4,60.99,COMPLETED,Australia
10175,C007,Noah Patel,noah.patel@example.com,2026-06-24,P1007,Headphones,5,89.0,CANCELLED,Japan
10176,C008,Sofia Rossi,sofia.rossi@example.com,2026-06-25,P1008,Desk Chair,1,175.5,RETURNED,Brazil
10177,C009,Liam O'Brien,liam.obrien@example.com,2026-06-26,P1001,Laptop,2,751.0,PENDING,USA
10178,C010,Yuki Tanaka,yuki.tanaka@example.com,2026-06-27,P1002,Wireless Mouse,3,25.5,COMPLETED,India
10179,C011,Maria Santos,maria.santos@example.com,2026-06-28,P1003,USB-C Hub,4,40.49,CANCELLED,UK
10180,C012,Omar Farouk,omar.farouk@example.com,2026-06-29,P1004,Monitor,5,221.0,RETURNED,Germany
10181,C001,John Smith,john@example.com,2026-06-30,P1005,Keyboard,1,45.0,PENDING,Canada
10182,C002,Priya Sharma,priya.sharma@example.com,2026-07-01,P1006,Webcam,2,60.49,COMPLETED,Australia
10183,C003,Carlos Rivera,carlos.rivera@example.com,2026-07-02,P1007,Headphones,3,90.0,CANCELLED,Japan
10184,C004,Amina Hassan,amina.hassan@example.com,2026-07-03,P1008,Desk Chair,4,175.0,RETURNED,Brazil
10185,C005,Wei Chen,wei.chen@example.com,2026-07-04,P1001,Laptop,5,750.5,PENDING,USA
10186,C006,Emma Wilson,emma.wilson@example.com,2026-07-05,P1002,Wireless Mouse,1,26.5,COMPLETED,India
10187,C007,Noah Patel,noah.patel@example.com,2026-07-06,P1003,USB-C Hub,2,39.99,CANCELLED,UK
10188,C008,Sofia Rossi,sofia.rossi@example.com,2026-07-07,P1004,Monitor,3,220.5,RETURNED,Germany
10189,C009,Liam O'Brien,liam.obrien@example.com,2026-07-08,P1005,Keyboard,4,46.0,PENDING,Canada
10190,C010,Yuki Tanaka,yuki.tanaka@example.com,2026-07-09,P1006,Webcam,5,59.99,COMPLETED,Australia
10191,C011,Maria Santos,maria.santos@example.com,2026-07-10,P1007,Headphones,1,89.5,CANCELLED,Japan
10192,C012,Omar Farouk,omar.farouk@example.com,2026-07-11,P1008,Desk Chair,2,176.0,RETURNED,Brazil
10193,C001,John Smith,john@example.com,2026-07-12,P1001,Laptop,3,750.0,PENDING,USA
10194,C002,Priya Sharma,priya.sharma@example.com,2026-07-13,P1002,Wireless Mouse,4,26.0,COMPLETED,India
10195,C003,Carlos Rivera,carlos.rivera@example.com,2026-07-14,P1003,USB-C Hub,5,40.99,CANCELLED,UK
10196,C004,Amina Hassan,amina.hassan@example.com,2026-07-15,P1004,Monitor,1,220.0,RETURNED,Germany
10197,C005,Wei Chen,wei.chen@example.com,2026-07-16,P1005,Keyboard,2,45.5,PENDING,Canada
10198,C006,Emma Wilson,emma.wilson@example.com,2026-07-17,P1006,Webcam,3,60.99,COMPLETED,Australia
10199,C007,Noah Patel,noah.patel@example.com,2026-07-18,P1007,Headphones,4,89.0,CANCELLED,Japan
10200,C008,Sofia Rossi,sofia.rossi@example.com,2026-07-19,P1008,Desk Chair,5,175.5,RETURNED,Brazil
10201,C009, Liam O'Brien ,liam.obrien@example.com,2026-01-01,P1001,Laptop,1,751.0,PENDING,USA
10202,C010, Yuki Tanaka ,yuki.tanaka@example.com,2026-01-02,P1002,Wireless Mouse,2,25.5,COMPLETED,India
10203,C011, Maria Santos ,maria.santos@example.com,2026-01-03,P1003,USB-C Hub,3,40.49,CANCELLED,UK
10204,C012, Omar Farouk ,omar.farouk@example.com,2026-01-04,P1004,Monitor,4,221.0,RETURNED,Germany
10205,C001, John Smith ,john@example.com,2026-01-05,P1005,Keyboard,5,45.0,PENDING,Canada
10206,C002,Priya Sharma,priya.sharma@example.com,2026-01-06,P1006,Webcam,1,60.49,COMPLETED,Australia
10207,C003,Carlos Rivera,carlos.rivera@example.com,2026-01-07,P1007,Headphones,2,90.0,CANCELLED,Japan
10208,C004,Amina Hassan,amina.hassan@example.com,2026-01-08,P1008,Desk Chair,3,175.0,RETURNED,Brazil
10209,C005,Wei Chen,wei.chen@example.com,2026-01-09,P1001,Laptop,4,750.5,PENDING,USA
10210,C006,Emma Wilson,emma.wilson@example.com,2026-01-10,P1002,Wireless Mouse,5,26.5,COMPLETED,India
10211,C007,Noah Patel,noah.patel@example.com,2026-01-11,P1003,USB-C Hub,1,39.99,CANCELLED,UK
10212,C008,Sofia Rossi,sofia.rossi@example.com,2026-01-12,P1004,Monitor,2,220.5,RETURNED,Germany
10213,C009,Liam O'Brien,liam.obrien@example.com,2026-01-13,P1005,Keyboard,3,46.0,PENDING,Canada
10214,C010,Yuki Tanaka,yuki.tanaka@example.com,2026-01-14,P1006,Webcam,4,59.99,COMPLETED,Australia
10215,C011,Maria Santos,maria.santos@example.com,2026-01-15,P1007,Headphones,5,89.5,CANCELLED,Japan
10216,C012,Omar Farouk,omar.farouk@example.com,2026-01-16,P1008,Desk Chair,1,176.0,RETURNED,Brazil
10217,C001,John Smith,john@example.com,2026-01-17,P1001,Laptop,2,750.0,PENDING,USA
10218,C002,Priya Sharma,priya.sharma@example.com,2026-01-18,P1002,Wireless Mouse,3,26.0,COMPLETED,India
10219,C003,Carlos Rivera,carlos.rivera@example.com,2026-01-19,P1003,USB-C Hub,4,40.99,CANCELLED,UK
10220,C004,Amina Hassan,amina.hassan@example.com,2026-01-20,P1004,Monitor,5,220.0,RETURNED,Germany
10221,C005,Wei Chen,wei.chen@example.com,2026-01-21,P1005,Keyboard,1,45.5,PENDING,Canada
10222,C006,Emma Wilson,emma.wilson@example.com,2026-01-22,P1006,Webcam,2,60.99,COMPLETED,Australia
10223,C007,Noah Patel,noah.patel@example.com,2026-01-23,P1007,Headphones,3,89.0,CANCELLED,Japan
10224,C008,Sofia Rossi,sofia.rossi@example.com,2026-01-24,P1008,Desk Chair,4,175.5,RETURNED,Brazil
10225,C009,Liam O'Brien,liam.obrien@example.com,2026-01-25,P1001,Laptop,5,751.0,PENDING,USA
10226,C010,Yuki Tanaka,yuki.tanaka@example.com,2026-01-26,P1002,Wireless Mouse,1,25.5,COMPLETED,India
10227,C011,Maria Santos,maria.santos@example.com,2026-01-27,P1003,USB-C Hub,2,40.49,CANCELLED,UK
10228,C012,Omar Farouk,omar.farouk@example.com,2026-01-28,P1004,Monitor,3,221.0,RETURNED,Germany
10229,C001,John Smith,john@example.com,2026-01-29,P1005,Keyboard,4,45.0,PENDING,Canada
10230,C002,Priya Sharma,priya.sharma@example.com,2026-01-30,P1006,Webcam,5,60.49,COMPLETED,Australia
10231,C003,Carlos Rivera,carlos.rivera@example.com,2026-01-31,P1007,Headphones,1,90.0,CANCELLED,Japan
10232,C004,Amina Hassan,amina.hassan@example.com,2026-02-01,P1008,Desk Chair,2,175.0,RETURNED,Brazil
10233,C005,Wei Chen,wei.chen@example.com,2026-02-02,P1001,Laptop,3,750.5,PENDING,USA
10234,C006,Emma Wilson,emma.wilson@example.com,2026-02-03,P1002,Wireless Mouse,4,26.5,COMPLETED,India
10235,C007,Noah Patel,noah.patel@example.com,2026-02-04,P1003,USB-C Hub,5,39.99,CANCELLED,UK
10236,C008,Sofia Rossi,sofia.rossi@example.com,2026-02-05,P1004,Monitor,1,220.5,RETURNED,Germany
10237,C009,Liam O'Brien,liam.obrien@example.com,2026-02-06,P1005,Keyboard,2,46.0,PENDING,Canada
10238,C010,Yuki Tanaka,yuki.tanaka@example.com,2026-02-07,P1006,Webcam,3,59.99,COMPLETED,Australia
10239,C011,Maria Santos,maria.santos@example.com,2026-02-08,P1007,Headphones,4,89.5,CANCELLED,Japan
10240,C012,Omar Farouk,omar.farouk@example.com,2026-02-09,P1008,Desk Chair,5,176.0,RETURNED,Brazil
10241,C001,John Smith,john@example.com,2026-02-10,P1001,Laptop,1,750.0,PENDING,USA
10242,C002,Priya Sharma,priya.sharma@example.com,2026-02-11,P1002,Wireless Mouse,2,26.0,COMPLETED,India
10243,C003,Carlos Rivera,carlos.rivera@example.com,2026-02-12,P1003,USB-C Hub,3,40.99,CANCELLED,UK
10244,C004,Amina Hassan,amina.hassan@example.com,2026-02-13,P1004,Monitor,4,220.0,RETURNED,Germany
10245,C005,Wei Chen,wei.chen@example.com,2026-02-14,P1005,Keyboard,5,45.5,PENDING,Canada
10246,C006,Emma Wilson,emma.wilson@example.com,2026-02-15,P1006,Webcam,1,60.99,COMPLETED,Australia
10247,C007,Noah Patel,noah.patel@example.com,2026-02-16,P1007,Headphones,2,89.0,CANCELLED,Japan
10248,C008,Sofia Rossi,sofia.rossi@example.com,2026-02-17,P1008,Desk Chair,3,175.5,RETURNED,Brazil
10249,C009,Liam O'Brien,liam.obrien@example.com,2026-02-18,P1001,Laptop,4,751.0,PENDING,USA
10250,C010,Yuki Tanaka,yuki.tanaka@example.com,2026-02-19,P1002,Wireless Mouse,5,25.5,COMPLETED,India
10251,C011,Maria Santos,maria.santos@example.com,2026-02-20,P1003,USB-C Hub,1,40.49,CANCELLED,UK
10252,C012,Omar Farouk,omar.farouk@example.com,2026-02-21,P1004,Monitor,2,221.0,RETURNED,Germany
10253,C001,John Smith,john@example.com,2026-02-22,P1005,Keyboard,3,45.0,PENDING,Canada
10254,C002,Priya Sharma,priya.sharma@example.com,2026-02-23,P1006,Webcam,4,60.49,COMPLETED,Australia
10255,C003,Carlos Rivera,carlos.rivera@example.com,2026-02-24,P1007,Headphones,5,90.0,CANCELLED,Japan
10256,C004,Amina Hassan,amina.hassan@example.com,2026-02-25,P1008,Desk Chair,1,175.0,RETURNED,Brazil
10257,C005,Wei Chen,wei.chen@example.com,2026-02-26,P1001,Laptop,2,750.5,PENDING,USA
10258,C006,Emma Wilson,emma.wilson@example.com,2026-02-27,P1002,Wireless Mouse,3,26.5,COMPLETED,India
10259,C007,Noah Patel,noah.patel@example.com,2026-02-28,P1003,USB-C Hub,4,39.99,CANCELLED,UK
10260,C008,Sofia Rossi,sofia.rossi@example.com,2026-03-01,P1004,Monitor,5,220.5,RETURNED,Germany
10261,C009,Liam O'Brien,liam.obrien@example.com,2026-03-02,P1005,Keyboard,1,46.0,PENDING,Canada
10262,C010,Yuki Tanaka,yuki.tanaka@example.com,2026-03-03,P1006,Webcam,2,59.99,COMPLETED,Australia
10263,C011,Maria Santos,maria.santos@example.com,2026-03-04,P1007,Headphones,3,89.5,CANCELLED,Japan
10264,C012,Omar Farouk,omar.farouk@example.com,2026-03-05,P1008,Desk Chair,4,176.0,RETURNED,Brazil
10265,C001,John Smith,john@example.com,2026-03-06,P1001,Laptop,5,750.0,PENDING,USA
10266,C002,Priya Sharma,priya.sharma@example.com,2026-03-07,P1002,Wireless Mouse,1,26.0,COMPLETED,India
10267,C003,Carlos Rivera,carlos.rivera@example.com,2026-03-08,P1003,USB-C Hub,2,40.99,CANCELLED,UK
10268,C004,Amina Hassan,amina.hassan@example.com,2026-03-09,P1004,Monitor,3,220.0,RETURNED,Germany
10269,C005,Wei Chen,wei.chen@example.com,2026-03-10,P1005,Keyboard,4,45.5,PENDING,Canada
10270,C006,Emma Wilson,emma.wilson@example.com,2026-03-11,P1006,Webcam,5,60.99,COMPLETED,Australia
10271,C007,Noah Patel,noah.patel@example.com,2026-03-12,P1007,Headphones,1,89.0,CANCELLED,Japan
10272,C008,Sofia Rossi,sofia.rossi@example.com,2026-03-13,P1008,Desk Chair,2,175.5,RETURNED,Brazil
10273,C009,Liam O'Brien,liam.obrien@example.com,2026-03-14,P1001,Laptop,3,751.0,PENDING,USA
10274,C010,Yuki Tanaka,yuki.tanaka@example.com,2026-03-15,P1002,Wireless Mouse,4,25.5,COMPLETED,India
10275,C011,Maria Santos,maria.santos@example.com,2026-03-16,P1003,USB-C Hub,5,40.49,CANCELLED,UK
10276,C012,Omar Farouk,omar.farouk@example.com,2026-03-17,P1004,Monitor,1,221.0,RETURNED,Germany
10277,C001,John Smith,john@example.com,2026-03-18,P1005,Keyboard,2,45.0,PENDING,Canada
10278,C002,Priya Sharma,priya.sharma@example.com,2026-03-19,P1006,Webcam,3,60.49,COMPLETED,Australia
10279,C003,Carlos Rivera,carlos.rivera@example.com,2026-03-20,P1007,Headphones,4,90.0,CANCELLED,Japan
10280,C004,Amina Hassan,amina.hassan@example.com,2026-03-21,P1008,Desk Chair,5,175.0,RETURNED,Brazil
10281,C005,Wei Chen,wei.chen@example.com,2026-03-22,P1001,Laptop,1,750.5,PENDING,USA
10282,C006,Emma Wilson,emma.wilson@example.com,2026-03-23,P1002,Wireless Mouse,2,26.5,COMPLETED,India
10283,C007,Noah Patel,noah.patel@example.com,2026-03-24,P1003,USB-C Hub,3,39.99,CANCELLED,UK
10284,C008,Sofia Rossi,sofia.rossi@example.com,2026-03-25,P1004,Monitor,4,220.5,RETURNED,Germany
10285,C009,Liam O'Brien,liam.obrien@example.com,2026-03-26,P1005,Keyboard,5,46.0,PENDING,Canada
10286,C010,Yuki Tanaka,yuki.tanaka@example.com,2026-03-27,P1006,Webcam,1,59.99,COMPLETED,Australia
10287,C011,Maria Santos,maria.santos@example.com,2026-03-28,P1007,Headphones,2,89.5,CANCELLED,Japan
10288,C012,Omar Farouk,omar.farouk@example.com,2026-03-29,P1008,Desk Chair,3,176.0,RETURNED,Brazil
10289,C001,John Smith,john@example.com,2026-03-30,P1001,Laptop,4,750.0,PENDING,USA
10290,C002,Priya Sharma,priya.sharma@example.com,2026-03-31,P1002,Wireless Mouse,5,26.0,COMPLETED,India
10291,C003,Carlos Rivera,carlos.rivera@example.com,2026-04-01,P1003,USB-C Hub,1,40.99,CANCELLED,UK
10292,C004,Amina Hassan,amina.hassan@example.com,2026-04-02,P1004,Monitor,2,220.0,RETURNED,Germany
10293,C005,Wei Chen,wei.chen@example.com,2026-04-03,P1005,Keyboard,3,45.5,PENDING,Canada
10294,C006,Emma Wilson,emma.wilson@example.com,2026-04-04,P1006,Webcam,4,60.99,COMPLETED,Australia
10295,C007,Noah Patel,noah.patel@example.com,2026-04-05,P1007,Headphones,5,89.0,CANCELLED,Japan
10296,C008,Sofia Rossi,sofia.rossi@example.com,2026-04-06,P1008,Desk Chair,1,175.5,RETURNED,Brazil
10297,C009,Liam O'Brien,liam.obrien@example.com,2026-04-07,P1001,Laptop,2,751.0,PENDING,USA
10298,C010,Yuki Tanaka,yuki.tanaka@example.com,2026-04-08,P1002,Wireless Mouse,3,25.5,COMPLETED,India
10299,C011,Maria Santos,maria.santos@example.com,2026-04-09,P1003,USB-C Hub,4,40.49,CANCELLED,UK
10300,C012,Omar Farouk,omar.farouk@example.com,2026-04-10,P1004,Monitor,5,221.0,RETURNED,Germany
10301,C001,John Smith,john@example.com,2026-04-11,P1005,Keyboard,1,45.0,PENDING,Canada
10302,C002,Priya Sharma,priya.sharma@example.com,2026-04-12,P1006,Webcam,2,60.49,COMPLETED,Australia
10303,C003,Carlos Rivera,carlos.rivera@example.com,2026-04-13,P1007,Headphones,3,90.0,CANCELLED,Japan
10304,C004,Amina Hassan,amina.hassan@example.com,2026-04-14,P1008,Desk Chair,4,175.0,RETURNED,Brazil
10305,C005,Wei Chen,wei.chen@example.com,2026-04-15,P1001,Laptop,5,750.5,PENDING,USA
10306,C006,Emma Wilson,emma.wilson@example.com,2026-04-16,P1002,Wireless Mouse,1,26.5,COMPLETED,India
10307,C007,Noah Patel,noah.patel@example.com,2026-04-17,P1003,USB-C Hub,2,39.99,CANCELLED,UK
10308,C008,Sofia Rossi,sofia.rossi@example.com,2026-04-18,P1004,Monitor,3,220.5,RETURNED,Germany
10309,C009,Liam O'Brien,liam.obrien@example.com,2026-04-19,P1005,Keyboard,4,46.0,PENDING,Canada
10310,C010,Yuki Tanaka,yuki.tanaka@example.com,2026-04-20,P1006,Webcam,5,59.99,COMPLETED,Australia
10311,C011,Maria Santos,maria.santos@example.com,2026-04-21,P1007,Headphones,1,89.5,CANCELLED,Japan
10312,C012,Omar Farouk,omar.farouk@example.com,2026-04-22,P1008,Desk Chair,2,176.0,RETURNED,Brazil
10313,C001,John Smith,john@example.com,2026-04-23,P1001,Laptop,3,750.0,PENDING,USA
10314,C002,Priya Sharma,priya.sharma@example.com,2026-04-24,P1002,Wireless Mouse,4,26.0,COMPLETED,India
10315,C003,Carlos Rivera,carlos.rivera@example.com,2026-04-25,P1003,USB-C Hub,5,40.99,CANCELLED,UK
10316,C004,Amina Hassan,amina.hassan@example.com,2026-04-26,P1004,Monitor,1,220.0,RETURNED,Germany
10317,C005,Wei Chen,wei.chen@example.com,2026-04-27,P1005,Keyboard,2,45.5,PENDING,Canada
10318,C006,Emma Wilson,emma.wilson@example.com,2026-04-28,P1006,Webcam,3,60.99,COMPLETED,Australia
10319,C007,Noah Patel,noah.patel@example.com,2026-04-29,P1007,Headphones,4,89.0,CANCELLED,Japan
10320,C008,Sofia Rossi,sofia.rossi@example.com,2026-04-30,P1008,Desk Chair,5,175.5,RETURNED,Brazil
10321,C009,Liam O'Brien,liam.obrien@example.com,2026-05-01,P1001,Laptop,1,751.0,PENDING,USA
10322,C010,Yuki Tanaka,yuki.tanaka@example.com,2026-05-02,P1002,Wireless Mouse,2,25.5,COMPLETED,India
10323,C011,Maria Santos,maria.santos@example.com,2026-05-03,P1003,USB-C Hub,3,40.49,CANCELLED,UK
10324,C012,Omar Farouk,omar.farouk@example.com,2026-05-04,P1004,Monitor,4,221.0,RETURNED,Germany
10325,C001,John Smith,john@example.com,2026-05-05,P1005,Keyboard,5,45.0,PENDING,Canada
10326,C002,Priya Sharma,priya.sharma@example.com,2026-05-06,P1006,Webcam,1,60.49,COMPLETED,Australia
10327,C003,Carlos Rivera,carlos.rivera@example.com,2026-05-07,P1007,Headphones,2,90.0,CANCELLED,Japan
10328,C004,Amina Hassan,amina.hassan@example.com,2026-05-08,P1008,Desk Chair,3,175.0,RETURNED,Brazil
10329,C005,Wei Chen,wei.chen@example.com,2026-05-09,P1001,Laptop,4,750.5,PENDING,USA
10330,C006,Emma Wilson,emma.wilson@example.com,2026-05-10,P1002,Wireless Mouse,5,26.5,COMPLETED,India
10331,C007,Noah Patel,noah.patel@example.com,2026-05-11,P1003,USB-C Hub,1,39.99,CANCELLED,UK
10332,C008,Sofia Rossi,sofia.rossi@example.com,2026-05-12,P1004,Monitor,2,220.5,RETURNED,Germany
10333,C009,Liam O'Brien,liam.obrien@example.com,2026-05-13,P1005,Keyboard,3,46.0,PENDING,Canada
10334,C010,Yuki Tanaka,yuki.tanaka@example.com,2026-05-14,P1006,Webcam,4,59.99,COMPLETED,Australia
10335,C011,Maria Santos,maria.santos@example.com,2026-05-15,P1007,Headphones,5,89.5,CANCELLED,Japan
10336,C012,Omar Farouk,omar.farouk@example.com,2026-05-16,P1008,Desk Chair,1,176.0,RETURNED,Brazil
10337,C001,John Smith,john@example.com,2026-05-17,P1001,Laptop,2,750.0,PENDING,USA
10338,C002,Priya Sharma,priya.sharma@example.com,2026-05-18,P1002,Wireless Mouse,3,26.0,COMPLETED,India
10339,C003,Carlos Rivera,carlos.rivera@example.com,2026-05-19,P1003,USB-C Hub,4,40.99,CANCELLED,UK
10340,C004,Amina Hassan,amina.hassan@example.com,2026-05-20,P1004,Monitor,5,220.0,RETURNED,Germany
10341,C005,Wei Chen,wei.chen@example.com,2026-05-21,P1005,Keyboard,1,45.5,PENDING,Canada
10342,C006,Emma Wilson,emma.wilson@example.com,2026-05-22,P1006,Webcam,2,60.99,COMPLETED,Australia
10343,C007,Noah Patel,noah.patel@example.com,2026-05-23,P1007,Headphones,3,89.0,CANCELLED,Japan
10344,C008,Sofia Rossi,sofia.rossi@example.com,2026-05-24,P1008,Desk Chair,4,175.5,RETURNED,Brazil
10345,C009,Liam O'Brien,liam.obrien@example.com,2026-05-25,P1001,Laptop,5,751.0,PENDING,USA
10346,C010,Yuki Tanaka,yuki.tanaka@example.com,2026-05-26,P1002,Wireless Mouse,1,25.5,COMPLETED,India
10347,C011,Maria Santos,maria.santos@example.com,2026-05-27,P1003,USB-C Hub,2,40.49,CANCELLED,UK
10348,C012,Omar Farouk,omar.farouk@example.com,2026-05-28,P1004,Monitor,3,221.0,RETURNED,Germany
10349,C001,John Smith,john@example.com,2026-05-29,P1005,Keyboard,4,45.0,PENDING,Canada
10350,C002,Priya Sharma,priya.sharma@example.com,2026-05-30,P1006,Webcam,5,60.49,COMPLETED,Australia
10351,C003,Carlos Rivera,carlos.rivera@example.com,2026-05-31,P1007,Headphones,1,90.0,CANCELLED,Japan
10352,C004,Amina Hassan,amina.hassan@example.com,2026-06-01,P1008,Desk Chair,2,175.0,RETURNED,Brazil
10353,C005,Wei Chen,wei.chen@example.com,2026-06-02,P1001,Laptop,3,750.5,PENDING,USA
10354,C006,Emma Wilson,emma.wilson@example.com,2026-06-03,P1002,Wireless Mouse,4,26.5,COMPLETED,India
10355,C007,Noah Patel,noah.patel@example.com,2026-06-04,P1003,USB-C Hub,5,39.99,CANCELLED,UK
10356,C008,Sofia Rossi,sofia.rossi@example.com,2026-06-05,P1004,Monitor,1,220.5,RETURNED,Germany
10357,C009,Liam O'Brien,liam.obrien@example.com,2026-06-06,P1005,Keyboard,2,46.0,PENDING,Canada
10358,C010,Yuki Tanaka,yuki.tanaka@example.com,2026-06-07,P1006,Webcam,3,59.99,COMPLETED,Australia
10359,C011,Maria Santos,maria.santos@example.com,2026-06-08,P1007,Headphones,4,89.5,CANCELLED,Japan
10360,C012,Omar Farouk,omar.farouk@example.com,2026-06-09,P1008,Desk Chair,5,176.0,RETURNED,Brazil
10361,C001,John Smith,john@example.com,2026-06-10,P1001,Laptop,1,750.0,PENDING,USA
10362,C002,Priya Sharma,priya.sharma@example.com,2026-06-11,P1002,Wireless Mouse,2,26.0,COMPLETED,India
10363,C003,Carlos Rivera,carlos.rivera@example.com,2026-06-12,P1003,USB-C Hub,3,40.99,CANCELLED,UK
10364,C004,Amina Hassan,amina.hassan@example.com,2026-06-13,P1004,Monitor,4,220.0,RETURNED,Germany
10365,C005,Wei Chen,wei.chen@example.com,2026-06-14,P1005,Keyboard,5,45.5,PENDING,Canada
10366,C006,Emma Wilson,emma.wilson@example.com,2026-06-15,P1006,Webcam,1,60.99,COMPLETED,Australia
10367,C007,Noah Patel,noah.patel@example.com,2026-06-16,P1007,Headphones,2,89.0,CANCELLED,Japan
10368,C008,Sofia Rossi,sofia.rossi@example.com,2026-06-17,P1008,Desk Chair,3,175.5,RETURNED,Brazil
10369,C009,Liam O'Brien,liam.obrien@example.com,2026-06-18,P1001,Laptop,4,751.0,PENDING,USA
10370,C010,Yuki Tanaka,yuki.tanaka@example.com,2026-06-19,P1002,Wireless Mouse,5,25.5,COMPLETED,India
10371,C011,Maria Santos,maria.santos@example.com,2026-06-20,P1003,USB-C Hub,1,40.49,CANCELLED,UK
10372,C012,Omar Farouk,omar.farouk@example.com,2026-06-21,P1004,Monitor,2,221.0,RETURNED,Germany
10373,C001,John Smith,john@example.com,2026-06-22,P1005,Keyboard,3,45.0,PENDING,Canada
10374,C002,Priya Sharma,priya.sharma@example.com,2026-06-23,P1006,Webcam,4,60.49,COMPLETED,Australia
10375,C003,Carlos Rivera,carlos.rivera@example.com,2026-06-24,P1007,Headphones,5,90.0,CANCELLED,Japan
10376,C004,Amina Hassan,amina.hassan@example.com,2026-06-25,P1008,Desk Chair,1,175.0,RETURNED,Brazil
10377,C005,Wei Chen,wei.chen@example.com,2026-06-26,P1001,Laptop,2,750.5,PENDING,USA
10378,C006,Emma Wilson,emma.wilson@example.com,2026-06-27,P1002,Wireless Mouse,3,26.5,COMPLETED,India
10379,C007,Noah Patel,noah.patel@example.com,2026-06-28,P1003,USB-C Hub,4,39.99,CANCELLED,UK
10380,C008,Sofia Rossi,sofia.rossi@example.com,2026-06-29,P1004,Monitor,5,220.5,RETURNED,Germany
10381,C009,Liam O'Brien,liam.obrien@example.com,2026-06-30,P1005,Keyboard,1,46.0,PENDING,Canada
10382,C010,Yuki Tanaka,yuki.tanaka@example.com,2026-07-01,P1006,Webcam,2,59.99,COMPLETED,Australia
10383,C011,Maria Santos,maria.santos@example.com,2026-07-02,P1007,Headphones,3,89.5,CANCELLED,Japan
10384,C012,Omar Farouk,omar.farouk@example.com,2026-07-03,P1008,Desk Chair,4,176.0,RETURNED,Brazil
10385,C001,John Smith,john@example.com,2026-07-04,P1001,Laptop,5,750.0,PENDING,USA
10386,C002,Priya Sharma,priya.sharma@example.com,2026-07-05,P1002,Wireless Mouse,1,26.0,COMPLETED,India
10387,C003,Carlos Rivera,carlos.rivera@example.com,2026-07-06,P1003,USB-C Hub,2,40.99,CANCELLED,UK
10388,C004,Amina Hassan,amina.hassan@example.com,2026-07-07,P1004,Monitor,3,220.0,RETURNED,Germany
10389,C005,Wei Chen,wei.chen@example.com,2026-07-08,P1005,Keyboard,4,45.5,PENDING,Canada
10390,C006,Emma Wilson,emma.wilson@example.com,2026-07-09,P1006,Webcam,5,60.99,COMPLETED,Australia
10391,C007,Noah Patel,noah.patel@example.com,2026-07-10,P1007,Headphones,1,89.0,CANCELLED,Japan
10392,C008,Sofia Rossi,sofia.rossi@example.com,2026-07-11,P1008,Desk Chair,2,175.5,RETURNED,Brazil
10393,C009,Liam O'Brien,liam.obrien@example.com,2026-07-12,P1001,Laptop,3,751.0,PENDING,USA
10394,C010,Yuki Tanaka,yuki.tanaka@example.com,2026-07-13,P1002,Wireless Mouse,4,25.5,COMPLETED,India
10395,C011,Maria Santos,maria.santos@example.com,2026-07-14,P1003,USB-C Hub,5,40.49,CANCELLED,UK
10396,C012,Omar Farouk,omar.farouk@example.com,2026-07-15,P1004,Monitor,1,221.0,RETURNED,Germany
10397,C001,John Smith,john@example.com,2026-07-16,P1005,Keyboard,2,45.0,PENDING,Canada
10398,C002,Priya Sharma,priya.sharma@example.com,2026-07-17,P1006,Webcam,3,60.49,COMPLETED,Australia
10399,C003,Carlos Rivera,carlos.rivera@example.com,2026-07-18,P1007,Headphones,4,90.0,CANCELLED,Japan
10400,C004,Amina Hassan,amina.hassan@example.com,2026-07-19,P1008,Desk Chair,5,175.0,RETURNED,Brazil
10401,C005,Wei Chen,wei.chen@example.com,2026-01-01,P1001,Laptop,1,750.5,PENDING,USA
10402,C006,Emma Wilson,emma.wilson@example.com,2026-01-02,P1002,Wireless Mouse,2,26.5,COMPLETED,India
10403,C007,Noah Patel,noah.patel@example.com,2026-01-03,P1003,USB-C Hub,3,39.99,CANCELLED,UK
10404,C008,Sofia Rossi,sofia.rossi@example.com,2026-01-04,P1004,Monitor,4,220.5,RETURNED,Germany
10405,C009,Liam O'Brien,liam.obrien@example.com,2026-01-05,P1005,Keyboard,5,46.0,PENDING,Canada
10406,C010,Yuki Tanaka,yuki.tanaka@example.com,2026-01-06,P1006,Webcam,1,59.99,COMPLETED,Australia
10407,C011,Maria Santos,maria.santos@example.com,2026-01-07,P1007,Headphones,2,89.5,CANCELLED,Japan
10408,C012,Omar Farouk,omar.farouk@example.com,2026-01-08,P1008,Desk Chair,3,176.0,RETURNED,Brazil
10409,C001,John Smith,john@example.com,2026-01-09,P1001,Laptop,4,750.0,PENDING,USA
10410,C002,Priya Sharma,priya.sharma@example.com,2026-01-10,P1002,Wireless Mouse,5,26.0,COMPLETED,India
10411,C003,Carlos Rivera,carlos.rivera@example.com,2026-01-11,P1003,USB-C Hub,1,40.99,CANCELLED,UK
10412,C004,Amina Hassan,amina.hassan@example.com,2026-01-12,P1004,Monitor,2,220.0,RETURNED,Germany
10413,C005,Wei Chen,wei.chen@example.com,2026-01-13,P1005,Keyboard,3,45.5,PENDING,Canada
10414,C006,Emma Wilson,emma.wilson@example.com,2026-01-14,P1006,Webcam,4,60.99,COMPLETED,Australia
10415,C007,Noah Patel,noah.patel@example.com,2026-01-15,P1007,Headphones,5,89.0,CANCELLED,Japan
10416,C008,Sofia Rossi,sofia.rossi@example.com,2026-01-16,P1008,Desk Chair,1,175.5,RETURNED,Brazil
10417,C009,Liam O'Brien,liam.obrien@example.com,2026-01-17,P1001,Laptop,2,751.0,PENDING,USA
10418,C010,Yuki Tanaka,yuki.tanaka@example.com,2026-01-18,P1002,Wireless Mouse,3,25.5,COMPLETED,India
10419,C011,Maria Santos,maria.santos@example.com,2026-01-19,P1003,USB-C Hub,4,40.49,CANCELLED,UK
10420,C012,Omar Farouk,omar.farouk@example.com,2026-01-20,P1004,Monitor,5,221.0,RETURNED,Germany
10421,C001,John Smith,john@example.com,2026-01-21,P1005,Keyboard,1,45.0,PENDING,Canada
10422,C002,Priya Sharma,priya.sharma@example.com,2026-01-22,P1006,Webcam,2,60.49,COMPLETED,Australia
10423,C003,Carlos Rivera,carlos.rivera@example.com,2026-01-23,P1007,Headphones,3,90.0,CANCELLED,Japan
10424,C004,Amina Hassan,amina.hassan@example.com,2026-01-24,P1008,Desk Chair,4,175.0,RETURNED,Brazil
10425,C005,Wei Chen,wei.chen@example.com,2026-01-25,P1001,Laptop,5,750.5,PENDING,USA
10426,C006,Emma Wilson,emma.wilson@example.com,2026-01-26,P1002,Wireless Mouse,1,26.5,COMPLETED,India
10427,C007,Noah Patel,noah.patel@example.com,2026-01-27,P1003,USB-C Hub,2,39.99,CANCELLED,UK
10428,C008,Sofia Rossi,sofia.rossi@example.com,2026-01-28,P1004,Monitor,3,220.5,RETURNED,Germany
10429,C009,Liam O'Brien,liam.obrien@example.com,2026-01-29,P1005,Keyboard,4,46.0,PENDING,Canada
10430,C010,Yuki Tanaka,yuki.tanaka@example.com,2026-01-30,P1006,Webcam,5,59.99,COMPLETED,Australia
10431,C011,Maria Santos,maria.santos@example.com,2026-01-31,P1007,Headphones,1,89.5,CANCELLED,Japan
10432,C012,Omar Farouk,omar.farouk@example.com,2026-02-01,P1008,Desk Chair,2,176.0,RETURNED,Brazil
10433,C001,John Smith,john@example.com,2026-02-02,P1001,Laptop,3,750.0,PENDING,USA
10434,C002,Priya Sharma,priya.sharma@example.com,2026-02-03,P1002,Wireless Mouse,4,26.0,COMPLETED,India
10435,C003,Carlos Rivera,carlos.rivera@example.com,2026-02-04,P1003,USB-C Hub,5,40.99,CANCELLED,UK
10436,C004,Amina Hassan,amina.hassan@example.com,2026-02-05,P1004,Monitor,1,220.0,RETURNED,Germany
10437,C005,Wei Chen,wei.chen@example.com,2026-02-06,P1005,Keyboard,2,45.5,PENDING,Canada
10438,C006,Emma Wilson,emma.wilson@example.com,2026-02-07,P1006,Webcam,3,60.99,COMPLETED,Australia
10439,C007,Noah Patel,noah.patel@example.com,2026-02-08,P1007,Headphones,4,89.0,CANCELLED,Japan
10440,C008,Sofia Rossi,sofia.rossi@example.com,2026-02-09,P1008,Desk Chair,5,175.5,RETURNED,Brazil
10441,C009,Liam O'Brien,liam.obrien@example.com,2026-02-10,P1001,Laptop,1,751.0,PENDING,USA
10442,C010,Yuki Tanaka,yuki.tanaka@example.com,2026-02-11,P1002,Wireless Mouse,2,25.5,COMPLETED,India
10443,C011,Maria Santos,maria.santos@example.com,2026-02-12,P1003,USB-C Hub,3,40.49,CANCELLED,UK
10444,C012,Omar Farouk,omar.farouk@example.com,2026-02-13,P1004,Monitor,4,221.0,RETURNED,Germany
10445,C001,John Smith,john@example.com,2026-02-14,P1005,Keyboard,5,45.0,PENDING,Canada
10446,C002,Priya Sharma,priya.sharma@example.com,2026-02-15,P1006,Webcam,1,60.49,COMPLETED,Australia
10447,C003,Carlos Rivera,carlos.rivera@example.com,2026-02-16,P1007,Headphones,2,90.0,CANCELLED,Japan
10448,C004,Amina Hassan,amina.hassan@example.com,2026-02-17,P1008,Desk Chair,3,175.0,RETURNED,Brazil
10449,C005,Wei Chen,wei.chen@example.com,2026-02-18,P1001,Laptop,4,750.5,PENDING,USA
10450,C006,Emma Wilson,emma.wilson@example.com,2026-02-19,P1002,Wireless Mouse,5,26.5,COMPLETED,India
10451,C007,Noah Patel,noah.patel@example.com,2026-02-20,P1003,USB-C Hub,1,39.99,CANCELLED,UK
10452,C008,Sofia Rossi,sofia.rossi@example.com,2026-02-21,P1004,Monitor,2,220.5,RETURNED,Germany
10453,C009,Liam O'Brien,liam.obrien@example.com,2026-02-22,P1005,Keyboard,3,46.0,PENDING,Canada
10454,C010,Yuki Tanaka,yuki.tanaka@example.com,2026-02-23,P1006,Webcam,4,59.99,COMPLETED,Australia
10455,C011,Maria Santos,maria.santos@example.com,2026-02-24,P1007,Headphones,5,89.5,CANCELLED,Japan
10456,C012,Omar Farouk,omar.farouk@example.com,2026-02-25,P1008,Desk Chair,1,176.0,RETURNED,Brazil
10457,C001,John Smith,john@example.com,2026-02-26,P1001,Laptop,2,750.0,PENDING,USA
10458,C002,Priya Sharma,priya.sharma@example.com,2026-02-27,P1002,Wireless Mouse,3,26.0,COMPLETED,India
10459,C003,Carlos Rivera,carlos.rivera@example.com,2026-02-28,P1003,USB-C Hub,4,40.99,CANCELLED,UK
10460,C004,Amina Hassan,amina.hassan@example.com,2026-03-01,P1004,Monitor,5,220.0,RETURNED,Germany
10461,C005,Wei Chen,wei.chen@example.com,2026-03-02,P1005,Keyboard,1,45.5,PENDING,Canada
10462,C006,Emma Wilson,emma.wilson@example.com,2026-03-03,P1006,Webcam,2,60.99,COMPLETED,Australia
10463,C007,Noah Patel,noah.patel@example.com,2026-03-04,P1007,Headphones,3,89.0,CANCELLED,Japan
10464,C008,Sofia Rossi,sofia.rossi@example.com,2026-03-05,P1008,Desk Chair,4,175.5,RETURNED,Brazil
10465,C009,Liam O'Brien,liam.obrien@example.com,2026-03-06,P1001,Laptop,5,751.0,PENDING,USA
10466,C010,Yuki Tanaka,yuki.tanaka@example.com,2026-03-07,P1002,Wireless Mouse,1,25.5,COMPLETED,India
10467,C011,Maria Santos,maria.santos@example.com,2026-03-08,P1003,USB-C Hub,2,40.49,CANCELLED,UK
10468,C012,Omar Farouk,omar.farouk@example.com,2026-03-09,P1004,Monitor,3,221.0,RETURNED,Germany
10469,C001,John Smith,john@example.com,2026-03-10,P1005,Keyboard,4,45.0,PENDING,Canada
10470,C002,Priya Sharma,priya.sharma@example.com,2026-03-11,P1006,Webcam,5,60.49,COMPLETED,Australia
10471,C003,Carlos Rivera,carlos.rivera@example.com,2026-03-12,P1007,Headphones,1,90.0,CANCELLED,Japan
10472,C004,Amina Hassan,amina.hassan@example.com,2026-03-13,P1008,Desk Chair,2,175.0,RETURNED,Brazil
10473,C005,Wei Chen,wei.chen@example.com,2026-03-14,P1001,Laptop,3,750.5,PENDING,USA
10474,C006,Emma Wilson,emma.wilson@example.com,2026-03-15,P1002,Wireless Mouse,4,26.5,COMPLETED,India
10475,C007,Noah Patel,noah.patel@example.com,2026-03-16,P1003,USB-C Hub,5,39.99,CANCELLED,UK
10476,C008,Sofia Rossi,sofia.rossi@example.com,2026-03-17,P1004,Monitor,1,220.5,RETURNED,Germany
10477,C009,Liam O'Brien,liam.obrien@example.com,2026-03-18,P1005,Keyboard,2,46.0,PENDING,Canada
10478,C010,Yuki Tanaka,yuki.tanaka@example.com,2026-03-19,P1006,Webcam,3,59.99,COMPLETED,Australia
10479,C011,Maria Santos,maria.santos@example.com,2026-03-20,P1007,Headphones,4,89.5,CANCELLED,Japan
10480,C012,Omar Farouk,omar.farouk@example.com,2026-03-21,P1008,Desk Chair,5,176.0,RETURNED,Brazil
10481,C001,John Smith,john@example.com,2026-03-22,P1001,Laptop,1,750.0,PENDING,USA
10482,C002,Priya Sharma,priya.sharma@example.com,2026-03-23,P1002,Wireless Mouse,2,26.0,COMPLETED,India
10483,C003,Carlos Rivera,carlos.rivera@example.com,2026-03-24,P1003,USB-C Hub,3,40.99,CANCELLED,UK
10484,C004,Amina Hassan,amina.hassan@example.com,2026-03-25,P1004,Monitor,4,220.0,RETURNED,Germany
10485,C005,Wei Chen,wei.chen@example.com,2026-03-26,P1005,Keyboard,5,45.5,PENDING,Canada
10486,C006,Emma Wilson,emma.wilson@example.com,2026-03-27,P1006,Webcam,1,60.99,COMPLETED,Australia
10487,C007,Noah Patel,noah.patel@example.com,2026-03-28,P1007,Headphones,2,89.0,CANCELLED,Japan
10488,C008,Sofia Rossi,sofia.rossi@example.com,2026-03-29,P1008,Desk Chair,3,175.5,RETURNED,Brazil
10489,C009,Liam O'Brien,liam.obrien@example.com,2026-03-30,P1001,Laptop,4,751.0,PENDING,USA
10490,C010,Yuki Tanaka,yuki.tanaka@example.com,2026-03-31,P1002,Wireless Mouse,5,25.5,COMPLETED,India
10491,C011,Maria Santos,maria.santos@example.com,2026-04-01,P1003,USB-C Hub,1,40.49,CANCELLED,UK
10492,C012,Omar Farouk,omar.farouk@example.com,2026-04-02,P1004,Monitor,2,221.0,RETURNED,Germany
10493,C001,John Smith,john@example.com,2026-04-03,P1005,Keyboard,3,45.0,PENDING,Canada
10494,C002,Priya Sharma,priya.sharma@example.com,2026-04-04,P1006,Webcam,4,60.49,COMPLETED,Australia
10495,C003,Carlos Rivera,carlos.rivera@example.com,2026-04-05,P1007,Headphones,5,90.0,CANCELLED,Japan
10496,C004,Amina Hassan,amina.hassan@example.com,2026-04-06,P1008,Desk Chair,1,175.0,RETURNED,Brazil
10497,C005,Wei Chen,wei.chen@example.com,2026-04-07,P1001,Laptop,2,750.5,PENDING,USA
10498,C006,Emma Wilson,emma.wilson@example.com,2026-04-08,P1002,Wireless Mouse,3,26.5,COMPLETED,India
10499,C007,Noah Patel,noah.patel@example.com,2026-04-09,P1003,USB-C Hub,4,39.99,CANCELLED,UK
10500,C008,Sofia Rossi,sofia.rossi@example.com,2026-04-10,P1004,Monitor,5,220.5,RETURNED,Germany
10501,C009,Liam O'Brien,liam.obrien@example.com,2026-04-11,P1005,Keyboard,1,46.0,PENDING,Canada
10502,C010,Yuki Tanaka,yuki.tanaka@example.com,2026-04-12,P1006,Webcam,2,59.99,COMPLETED,Australia
10503,C011,Maria Santos,maria.santos@example.com,2026-04-13,P1007,Headphones,3,89.5,CANCELLED,Japan
10504,C012,Omar Farouk,omar.farouk@example.com,2026-04-14,P1008,Desk Chair,4,176.0,RETURNED,Brazil
10505,C001,John Smith,john@example.com,2026-04-15,P1001,Laptop,5,750.0,PENDING,USA
10506,C002,Priya Sharma,priya.sharma@example.com,2026-04-16,P1002,Wireless Mouse,1,26.0,COMPLETED,India
10507,C003,Carlos Rivera,carlos.rivera@example.com,2026-04-17,P1003,USB-C Hub,2,40.99,CANCELLED,UK
10508,C004,Amina Hassan,amina.hassan@example.com,2026-04-18,P1004,Monitor,3,220.0,RETURNED,Germany
10509,C005,Wei Chen,wei.chen@example.com,2026-04-19,P1005,Keyboard,4,45.5,PENDING,Canada
10510,C006,Emma Wilson,emma.wilson@example.com,2026-04-20,P1006,Webcam,5,60.99,COMPLETED,Australia
10511,C007,Noah Patel,noah.patel@example.com,2026-04-21,P1007,Headphones,1,89.0,CANCELLED,Japan
10512,C008,Sofia Rossi,sofia.rossi@example.com,2026-04-22,P1008,Desk Chair,2,175.5,RETURNED,Brazil
10513,C009,Liam O'Brien,liam.obrien@example.com,2026-04-23,P1001,Laptop,3,751.0,PENDING,USA
10514,C010,Yuki Tanaka,yuki.tanaka@example.com,2026-04-24,P1002,Wireless Mouse,4,25.5,COMPLETED,India
10515,C011,Maria Santos,maria.santos@example.com,2026-04-25,P1003,USB-C Hub,5,40.49,CANCELLED,UK
10516,C012,Omar Farouk,omar.farouk@example.com,2026-04-26,P1004,Monitor,1,221.0,RETURNED,Germany
10517,C001,John Smith,john@example.com,2026-04-27,P1005,Keyboard,2,45.0,PENDING,Canada
10518,C002,Priya Sharma,priya.sharma@example.com,2026-04-28,P1006,Webcam,3,60.49,COMPLETED,Australia
10519,C003,Carlos Rivera,carlos.rivera@example.com,2026-04-29,P1007,Headphones,4,90.0,CANCELLED,Japan
10520,C004,Amina Hassan,amina.hassan@example.com,2026-04-30,P1008,Desk Chair,5,175.0,RETURNED,Brazil
10521,C005,Wei Chen,wei.chen@example.com,2026-05-01,P1001,Laptop,1,750.5,PENDING,USA
10522,C006,Emma Wilson,emma.wilson@example.com,2026-05-02,P1002,Wireless Mouse,2,26.5,COMPLETED,India
10523,C007,Noah Patel,noah.patel@example.com,2026-05-03,P1003,USB-C Hub,3,39.99,CANCELLED,UK
10524,C008,Sofia Rossi,sofia.rossi@example.com,2026-05-04,P1004,Monitor,4,220.5,RETURNED,Germany
10525,C009,Liam O'Brien,liam.obrien@example.com,2026-05-05,P1005,Keyboard,5,46.0,PENDING,Canada
10526,C010,Yuki Tanaka,yuki.tanaka@example.com,2026-05-06,P1006,Webcam,1,59.99,COMPLETED,Australia
10527,C011,Maria Santos,maria.santos@example.com,2026-05-07,P1007,Headphones,2,89.5,CANCELLED,Japan
10528,C012,Omar Farouk,omar.farouk@example.com,2026-05-08,P1008,Desk Chair,3,176.0,RETURNED,Brazil
10529,C001,John Smith,john@example.com,2026-05-09,P1001,Laptop,4,750.0,PENDING,USA
10530,C002,Priya Sharma,priya.sharma@example.com,2026-05-10,P1002,Wireless Mouse,5,26.0,COMPLETED,India
10531,C003,Carlos Rivera,carlos.rivera@example.com,2026-05-11,P1003,USB-C Hub,1,40.99,CANCELLED,UK
10532,C004,Amina Hassan,amina.hassan@example.com,2026-05-12,P1004,Monitor,2,220.0,RETURNED,Germany
10533,C005,Wei Chen,wei.chen@example.com,2026-05-13,P1005,Keyboard,3,45.5,PENDING,Canada
10534,C006,Emma Wilson,emma.wilson@example.com,2026-05-14,P1006,Webcam,4,60.99,COMPLETED,Australia
10535,C007,Noah Patel,noah.patel@example.com,2026-05-15,P1007,Headphones,5,89.0,CANCELLED,Japan
10536,C008,Sofia Rossi,sofia.rossi@example.com,2026-05-16,P1008,Desk Chair,1,175.5,RETURNED,Brazil
10537,C009,Liam O'Brien,liam.obrien@example.com,2026-05-17,P1001,Laptop,2,751.0,PENDING,USA
10538,C010,Yuki Tanaka,yuki.tanaka@example.com,2026-05-18,P1002,Wireless Mouse,3,25.5,COMPLETED,India
10539,C011,Maria Santos,maria.santos@example.com,2026-05-19,P1003,USB-C Hub,4,40.49,CANCELLED,UK
10540,C012,Omar Farouk,omar.farouk@example.com,2026-05-20,P1004,Monitor,5,221.0,RETURNED,Germany
10541,C001,John Smith,john@example.com,2026-05-21,P1005,Keyboard,1,45.0,PENDING,Canada
10542,C002,Priya Sharma,priya.sharma@example.com,2026-05-22,P1006,Webcam,2,60.49,COMPLETED,Australia
10543,C003,Carlos Rivera,carlos.rivera@example.com,2026-05-23,P1007,Headphones,3,90.0,CANCELLED,Japan
10544,C004,Amina Hassan,amina.hassan@example.com,2026-05-24,P1008,Desk Chair,4,175.0,RETURNED,Brazil
10545,C005,Wei Chen,wei.chen@example.com,2026-05-25,P1001,Laptop,5,750.5,PENDING,USA
10546,C006,Emma Wilson,emma.wilson@example.com,2026-05-26,P1002,Wireless Mouse,1,26.5,COMPLETED,India
10547,C007,Noah Patel,noah.patel@example.com,2026-05-27,P1003,USB-C Hub,2,39.99,CANCELLED,UK
10548,C008,Sofia Rossi,sofia.rossi@example.com,2026-05-28,P1004,Monitor,3,220.5,RETURNED,Germany
10549,C009,Liam O'Brien,liam.obrien@example.com,2026-05-29,P1005,Keyboard,4,46.0,PENDING,Canada
10550,C010,Yuki Tanaka,yuki.tanaka@example.com,2026-05-30,P1006,Webcam,5,59.99,COMPLETED,Australia
10551,C011,Maria Santos,maria.santos@example.com,2026-05-31,P1007,Headphones,1,89.5,CANCELLED,Japan
10552,C012,Omar Farouk,omar.farouk@example.com,2026-06-01,P1008,Desk Chair,2,176.0,RETURNED,Brazil
10553,C001,John Smith,john@example.com,2026-06-02,P1001,Laptop,3,750.0,PENDING,USA
10554,C002,Priya Sharma,priya.sharma@example.com,2026-06-03,P1002,Wireless Mouse,4,26.0,COMPLETED,India
10555,C003,Carlos Rivera,carlos.rivera@example.com,2026-06-04,P1003,USB-C Hub,5,40.99,CANCELLED,UK
10556,C004,Amina Hassan,amina.hassan@example.com,2026-06-05,P1004,Monitor,1,220.0,RETURNED,Germany
10557,C005,Wei Chen,wei.chen@example.com,2026-06-06,P1005,Keyboard,2,45.5,PENDING,Canada
10558,C006,Emma Wilson,emma.wilson@example.com,2026-06-07,P1006,Webcam,3,60.99,COMPLETED,Australia
10559,C007,Noah Patel,noah.patel@example.com,2026-06-08,P1007,Headphones,4,89.0,CANCELLED,Japan
10560,C008,Sofia Rossi,sofia.rossi@example.com,2026-06-09,P1008,Desk Chair,5,175.5,RETURNED,Brazil
10561,C009,Liam O'Brien,liam.obrien@example.com,2026-06-10,P1001,Laptop,1,751.0,PENDING,USA
10562,C010,Yuki Tanaka,yuki.tanaka@example.com,2026-06-11,P1002,Wireless Mouse,2,25.5,COMPLETED,India
10563,C011,Maria Santos,maria.santos@example.com,2026-06-12,P1003,USB-C Hub,3,40.49,CANCELLED,UK
10564,C012,Omar Farouk,omar.farouk@example.com,2026-06-13,P1004,Monitor,4,221.0,RETURNED,Germany
10565,C001,John Smith,john@example.com,2026-06-14,P1005,Keyboard,5,45.0,PENDING,Canada
10566,C002,Priya Sharma,priya.sharma@example.com,2026-06-15,P1006,Webcam,1,60.49,COMPLETED,Australia
10567,C003,Carlos Rivera,carlos.rivera@example.com,2026-06-16,P1007,Headphones,2,90.0,CANCELLED,Japan
10568,C004,Amina Hassan,amina.hassan@example.com,2026-06-17,P1008,Desk Chair,3,175.0,RETURNED,Brazil
10569,C005,Wei Chen,wei.chen@example.com,2026-06-18,P1001,Laptop,4,750.5,PENDING,USA
10570,C006,Emma Wilson,emma.wilson@example.com,2026-06-19,P1002,Wireless Mouse,5,26.5,COMPLETED,India
10571,C007,Noah Patel,noah.patel@example.com,2026-06-20,P1003,USB-C Hub,1,39.99,CANCELLED,UK
10572,C008,Sofia Rossi,sofia.rossi@example.com,2026-06-21,P1004,Monitor,2,220.5,RETURNED,Germany
10573,C009,Liam O'Brien,liam.obrien@example.com,2026-06-22,P1005,Keyboard,3,46.0,PENDING,Canada
10574,C010,Yuki Tanaka,yuki.tanaka@example.com,2026-06-23,P1006,Webcam,4,59.99,COMPLETED,Australia
10575,C011,Maria Santos,maria.santos@example.com,2026-06-24,P1007,Headphones,5,89.5,CANCELLED,Japan
10576,C012,Omar Farouk,omar.farouk@example.com,2026-06-25,P1008,Desk Chair,1,176.0,RETURNED,Brazil
10577,C001,John Smith,john@example.com,2026-06-26,P1001,Laptop,2,750.0,PENDING,USA
10578,C002,Priya Sharma,priya.sharma@example.com,2026-06-27,P1002,Wireless Mouse,3,26.0,COMPLETED,India
10579,C003,Carlos Rivera,carlos.rivera@example.com,2026-06-28,P1003,USB-C Hub,4,40.99,CANCELLED,UK
10580,C004,Amina Hassan,amina.hassan@example.com,2026-06-29,P1004,Monitor,5,220.0,RETURNED,Germany
10581,C005,Wei Chen,wei.chen@example.com,2026-06-30,P1005,Keyboard,1,45.5,PENDING,Canada
10582,C006,Emma Wilson,emma.wilson@example.com,2026-07-01,P1006,Webcam,2,60.99,COMPLETED,Australia
10583,C007,Noah Patel,noah.patel@example.com,2026-07-02,P1007,Headphones,3,89.0,CANCELLED,Japan
10584,C008,Sofia Rossi,sofia.rossi@example.com,2026-07-03,P1008,Desk Chair,4,175.5,RETURNED,Brazil
10585,C009,Liam O'Brien,liam.obrien@example.com,2026-07-04,P1001,Laptop,5,751.0,PENDING,USA
10586,C010,Yuki Tanaka,yuki.tanaka@example.com,2026-07-05,P1002,Wireless Mouse,1,25.5,COMPLETED,India
10587,C011,Maria Santos,maria.santos@example.com,2026-07-06,P1003,USB-C Hub,2,40.49,CANCELLED,UK
10588,C012,Omar Farouk,omar.farouk@example.com,2026-07-07,P1004,Monitor,3,221.0,RETURNED,Germany
10589,C001,John Smith,john@example.com,2026-07-08,P1005,Keyboard,4,45.0,PENDING,Canada
10590,C002,Priya Sharma,priya.sharma@example.com,2026-07-09,P1006,Webcam,5,60.49,COMPLETED,Australia
10591,C003,Carlos Rivera,carlos.rivera@example.com,2026-07-10,P1007,Headphones,1,90.0,CANCELLED,Japan
10592,C004,Amina Hassan,amina.hassan@example.com,2026-07-11,P1008,Desk Chair,2,175.0,RETURNED,Brazil
10593,C005,Wei Chen,wei.chen@example.com,2026-07-12,P1001,Laptop,3,750.5,PENDING,USA
10594,C006,Emma Wilson,emma.wilson@example.com,2026-07-13,P1002,Wireless Mouse,4,26.5,COMPLETED,India
10595,C007,Noah Patel,noah.patel@example.com,2026-07-14,P1003,USB-C Hub,5,39.99,CANCELLED,UK
10596,C008,Sofia Rossi,sofia.rossi@example.com,2026-07-15,P1004,Monitor,1,220.5,RETURNED,Germany
10597,C009,Liam O'Brien,liam.obrien@example.com,2026-07-16,P1005,Keyboard,2,46.0,PENDING,Canada
10598,C010,Yuki Tanaka,yuki.tanaka@example.com,2026-07-17,P1006,Webcam,3,59.99,COMPLETED,Australia
10599,C011,Maria Santos,maria.santos@example.com,2026-07-18,P1007,Headphones,4,89.5,CANCELLED,Japan
10600,C012,Omar Farouk,omar.farouk@example.com,2026-07-19,P1008,Desk Chair,5,176.0,RETURNED,Brazil
10601,C001,John Smith,john@example.com,2026-01-01,P1001,Laptop,1,750.0,PENDING,USA
10602,C002,Priya Sharma,priya.sharma@example.com,2026-01-02,P1002,Wireless Mouse,2,26.0,COMPLETED,India
10603,C003,Carlos Rivera,carlos.rivera@example.com,2026-01-03,P1003,USB-C Hub,3,40.99,CANCELLED,UK
10604,C004,Amina Hassan,amina.hassan@example.com,2026-01-04,P1004,Monitor,4,220.0,RETURNED,Germany
10605,C005,Wei Chen,wei.chen@example.com,2026-01-05,P1005,Keyboard,5,45.5,PENDING,Canada
10606,C006,Emma Wilson,emma.wilson@example.com,2026-01-06,P1006,Webcam,1,60.99,COMPLETED,Australia
10607,C007,Noah Patel,noah.patel@example.com,2026-01-07,P1007,Headphones,2,89.0,CANCELLED,Japan
10608,C008,Sofia Rossi,sofia.rossi@example.com,2026-01-08,P1008,Desk Chair,3,175.5,RETURNED,Brazil
10609,C009,Liam O'Brien,liam.obrien@example.com,2026-01-09,P1001,Laptop,4,751.0,PENDING,USA
10610,C010,Yuki Tanaka,yuki.tanaka@example.com,2026-01-10,P1002,Wireless Mouse,5,25.5,COMPLETED,India
10611,C011,Maria Santos,maria.santos@example.com,2026-01-11,P1003,USB-C Hub,1,40.49,CANCELLED,UK
10612,C012,Omar Farouk,omar.farouk@example.com,2026-01-12,P1004,Monitor,2,221.0,RETURNED,Germany
10613,C001,John Smith,john@example.com,2026-01-13,P1005,Keyboard,3,45.0,PENDING,Canada
10614,C002,Priya Sharma,priya.sharma@example.com,2026-01-14,P1006,Webcam,4,60.49,COMPLETED,Australia
10615,C003,Carlos Rivera,carlos.rivera@example.com,2026-01-15,P1007,Headphones,5,90.0,CANCELLED,Japan
10616,C004,Amina Hassan,amina.hassan@example.com,2026-01-16,P1008,Desk Chair,1,175.0,RETURNED,Brazil
10617,C005,Wei Chen,wei.chen@example.com,2026-01-17,P1001,Laptop,2,750.5,PENDING,USA
10618,C006,Emma Wilson,emma.wilson@example.com,2026-01-18,P1002,Wireless Mouse,3,26.5,COMPLETED,India
10619,C007,Noah Patel,noah.patel@example.com,2026-01-19,P1003,USB-C Hub,4,39.99,CANCELLED,UK
10620,C008,Sofia Rossi,sofia.rossi@example.com,2026-01-20,P1004,Monitor,5,220.5,RETURNED,Germany
10621,C009,Liam O'Brien,liam.obrien@example.com,2026-01-21,P1005,Keyboard,1,46.0,PENDING,Canada
10622,C010,Yuki Tanaka,yuki.tanaka@example.com,2026-01-22,P1006,Webcam,2,59.99,COMPLETED,Australia
10623,C011,Maria Santos,maria.santos@example.com,2026-01-23,P1007,Headphones,3,89.5,CANCELLED,Japan
10624,C012,Omar Farouk,omar.farouk@example.com,2026-01-24,P1008,Desk Chair,4,176.0,RETURNED,Brazil
10625,C001,John Smith,john@example.com,2026-01-25,P1001,Laptop,5,750.0,PENDING,USA
10626,C002,Priya Sharma,priya.sharma@example.com,2026-01-26,P1002,Wireless Mouse,1,26.0,COMPLETED,India
10627,C003,Carlos Rivera,carlos.rivera@example.com,2026-01-27,P1003,USB-C Hub,2,40.99,CANCELLED,UK
10628,C004,Amina Hassan,amina.hassan@example.com,2026-01-28,P1004,Monitor,3,220.0,RETURNED,Germany
10629,C005,Wei Chen,wei.chen@example.com,2026-01-29,P1005,Keyboard,4,45.5,PENDING,Canada
10630,C006,Emma Wilson,emma.wilson@example.com,2026-01-30,P1006,Webcam,5,60.99,COMPLETED,Australia
10631,C007,Noah Patel,noah.patel@example.com,2026-01-31,P1007,Headphones,1,89.0,CANCELLED,Japan
10632,C008,Sofia Rossi,sofia.rossi@example.com,2026-02-01,P1008,Desk Chair,2,175.5,RETURNED,Brazil
10633,C009,Liam O'Brien,liam.obrien@example.com,2026-02-02,P1001,Laptop,3,751.0,PENDING,USA
10634,C010,Yuki Tanaka,yuki.tanaka@example.com,2026-02-03,P1002,Wireless Mouse,4,25.5,COMPLETED,India
10635,C011,Maria Santos,maria.santos@example.com,2026-02-04,P1003,USB-C Hub,5,40.49,CANCELLED,UK
10636,C012,Omar Farouk,omar.farouk@example.com,2026-02-05,P1004,Monitor,1,221.0,RETURNED,Germany
10637,C001,John Smith,john@example.com,2026-02-06,P1005,Keyboard,2,45.0,PENDING,Canada
10638,C002,Priya Sharma,priya.sharma@example.com,2026-02-07,P1006,Webcam,3,60.49,COMPLETED,Australia
10639,C003,Carlos Rivera,carlos.rivera@example.com,2026-02-08,P1007,Headphones,4,90.0,CANCELLED,Japan
10640,C004,Amina Hassan,amina.hassan@example.com,2026-02-09,P1008,Desk Chair,5,175.0,RETURNED,Brazil
10641,C005,Wei Chen,wei.chen@example.com,2026-02-10,P1001,Laptop,1,750.5,PENDING,USA
10642,C006,Emma Wilson,emma.wilson@example.com,2026-02-11,P1002,Wireless Mouse,2,26.5,COMPLETED,India
10643,C007,Noah Patel,noah.patel@example.com,2026-02-12,P1003,USB-C Hub,3,39.99,CANCELLED,UK
10644,C008,Sofia Rossi,sofia.rossi@example.com,2026-02-13,P1004,Monitor,4,220.5,RETURNED,Germany
10645,C009,Liam O'Brien,liam.obrien@example.com,2026-02-14,P1005,Keyboard,5,46.0,PENDING,Canada
10646,C010,Yuki Tanaka,yuki.tanaka@example.com,2026-02-15,P1006,Webcam,1,59.99,COMPLETED,Australia
10647,C011,Maria Santos,maria.santos@example.com,2026-02-16,P1007,Headphones,2,89.5,CANCELLED,Japan
10648,C012,Omar Farouk,omar.farouk@example.com,2026-02-17,P1008,Desk Chair,3,176.0,RETURNED,Brazil
10649,C001,John Smith,john@example.com,2026-02-18,P1001,Laptop,4,750.0,PENDING,USA
10650,C002,Priya Sharma,priya.sharma@example.com,2026-02-19,P1002,Wireless Mouse,5,26.0,COMPLETED,India
10651,C003,Carlos Rivera,carlos.rivera@example.com,2026-02-20,P1003,USB-C Hub,1,40.99,CANCELLED,UK
10652,C004,Amina Hassan,amina.hassan@example.com,2026-02-21,P1004,Monitor,2,220.0,RETURNED,Germany
10653,C005,Wei Chen,wei.chen@example.com,2026-02-22,P1005,Keyboard,3,45.5,PENDING,Canada
10654,C006,Emma Wilson,emma.wilson@example.com,2026-02-23,P1006,Webcam,4,60.99,COMPLETED,Australia
10655,C007,Noah Patel,noah.patel@example.com,2026-02-24,P1007,Headphones,5,89.0,CANCELLED,Japan
10656,C008,Sofia Rossi,sofia.rossi@example.com,2026-02-25,P1008,Desk Chair,1,175.5,RETURNED,Brazil
10657,C009,Liam O'Brien,liam.obrien@example.com,2026-02-26,P1001,Laptop,2,751.0,PENDING,USA
10658,C010,Yuki Tanaka,yuki.tanaka@example.com,2026-02-27,P1002,Wireless Mouse,3,25.5,COMPLETED,India
10659,C011,Maria Santos,maria.santos@example.com,2026-02-28,P1003,USB-C Hub,4,40.49,CANCELLED,UK
10660,C012,Omar Farouk,omar.farouk@example.com,2026-03-01,P1004,Monitor,5,221.0,RETURNED,Germany
10661,C001,John Smith,john@example.com,2026-03-02,P1005,Keyboard,1,45.0,PENDING,Canada
10662,C002,Priya Sharma,priya.sharma@example.com,2026-03-03,P1006,Webcam,2,60.49,COMPLETED,Australia
10663,C003,Carlos Rivera,carlos.rivera@example.com,2026-03-04,P1007,Headphones,3,90.0,CANCELLED,Japan
10664,C004,Amina Hassan,amina.hassan@example.com,2026-03-05,P1008,Desk Chair,4,175.0,RETURNED,Brazil
10665,C005,Wei Chen,wei.chen@example.com,2026-03-06,P1001,Laptop,5,750.5,PENDING,USA
10666,C006,Emma Wilson,emma.wilson@example.com,2026-03-07,P1002,Wireless Mouse,1,26.5,COMPLETED,India
10667,C007,Noah Patel,noah.patel@example.com,2026-03-08,P1003,USB-C Hub,2,39.99,CANCELLED,UK
10668,C008,Sofia Rossi,sofia.rossi@example.com,2026-03-09,P1004,Monitor,3,220.5,RETURNED,Germany
10669,C009,Liam O'Brien,liam.obrien@example.com,2026-03-10,P1005,Keyboard,4,46.0,PENDING,Canada
10670,C010,Yuki Tanaka,yuki.tanaka@example.com,2026-03-11,P1006,Webcam,5,59.99,COMPLETED,Australia
10671,C011,Maria Santos,maria.santos@example.com,2026-03-12,P1007,Headphones,1,89.5,CANCELLED,Japan
10672,C012,Omar Farouk,omar.farouk@example.com,2026-03-13,P1008,Desk Chair,2,176.0,RETURNED,Brazil
10673,C001,John Smith,john@example.com,2026-03-14,P1001,Laptop,3,750.0,PENDING,USA
10674,C002,Priya Sharma,priya.sharma@example.com,2026-03-15,P1002,Wireless Mouse,4,26.0,COMPLETED,India
10675,C003,Carlos Rivera,carlos.rivera@example.com,2026-03-16,P1003,USB-C Hub,5,40.99,CANCELLED,UK
10676,C004,Amina Hassan,amina.hassan@example.com,2026-03-17,P1004,Monitor,1,220.0,RETURNED,Germany
10677,C005,Wei Chen,wei.chen@example.com,2026-03-18,P1005,Keyboard,2,45.5,PENDING,Canada
10678,C006,Emma Wilson,emma.wilson@example.com,2026-03-19,P1006,Webcam,3,60.99,COMPLETED,Australia
10679,C007,Noah Patel,noah.patel@example.com,2026-03-20,P1007,Headphones,4,89.0,CANCELLED,Japan
10680,C008,Sofia Rossi,sofia.rossi@example.com,2026-03-21,P1008,Desk Chair,5,175.5,RETURNED,Brazil
10681,C009,Liam O'Brien,liam.obrien@example.com,2026-03-22,P1001,Laptop,1,751.0,PENDING,USA
10682,C010,Yuki Tanaka,yuki.tanaka@example.com,2026-03-23,P1002,Wireless Mouse,2,25.5,COMPLETED,India
10683,C011,Maria Santos,maria.santos@example.com,2026-03-24,P1003,USB-C Hub,3,40.49,CANCELLED,UK
10684,C012,Omar Farouk,omar.farouk@example.com,2026-03-25,P1004,Monitor,4,221.0,RETURNED,Germany
10685,C001,John Smith,john@example.com,2026-03-26,P1005,Keyboard,5,45.0,PENDING,Canada
10686,C002,Priya Sharma,priya.sharma@example.com,2026-03-27,P1006,Webcam,1,60.49,COMPLETED,Australia
10687,C003,Carlos Rivera,carlos.rivera@example.com,2026-03-28,P1007,Headphones,2,90.0,CANCELLED,Japan
10688,C004,Amina Hassan,amina.hassan@example.com,2026-03-29,P1008,Desk Chair,3,175.0,RETURNED,Brazil
10689,C005,Wei Chen,wei.chen@example.com,2026-03-30,P1001,Laptop,4,750.5,PENDING,USA
10690,C006,Emma Wilson,emma.wilson@example.com,2026-03-31,P1002,Wireless Mouse,5,26.5,COMPLETED,India
10691,C007,Noah Patel,noah.patel@example.com,2026-04-01,P1003,USB-C Hub,1,39.99,CANCELLED,UK
10692,C008,Sofia Rossi,sofia.rossi@example.com,2026-04-02,P1004,Monitor,2,220.5,RETURNED,Germany
10693,C009,Liam O'Brien,liam.obrien@example.com,2026-04-03,P1005,Keyboard,3,46.0,PENDING,Canada
10694,C010,Yuki Tanaka,yuki.tanaka@example.com,2026-04-04,P1006,Webcam,4,59.99,COMPLETED,Australia
10695,C011,Maria Santos,maria.santos@example.com,2026-04-05,P1007,Headphones,5,89.5,CANCELLED,Japan
10696,C012,Omar Farouk,omar.farouk@example.com,2026-04-06,P1008,Desk Chair,1,176.0,RETURNED,Brazil
10697,C001,John Smith,john@example.com,2026-04-07,P1001,Laptop,2,750.0,PENDING,USA
10698,C002,Priya Sharma,priya.sharma@example.com,2026-04-08,P1002,Wireless Mouse,3,26.0,COMPLETED,India
10699,C003,Carlos Rivera,carlos.rivera@example.com,2026-04-09,P1003,USB-C Hub,4,40.99,CANCELLED,UK
10700,C004,Amina Hassan,amina.hassan@example.com,2026-04-10,P1004,Monitor,5,220.0,RETURNED,Germany
10701,C005,Wei Chen,wei.chen@example.com,2026-04-11,P1005,Keyboard,1,45.5,PENDING,Canada
10702,C006,Emma Wilson,emma.wilson@example.com,2026-04-12,P1006,Webcam,2,60.99,COMPLETED,Australia
10703,C007,Noah Patel,noah.patel@example.com,2026-04-13,P1007,Headphones,3,89.0,CANCELLED,Japan
10704,C008,Sofia Rossi,sofia.rossi@example.com,2026-04-14,P1008,Desk Chair,4,175.5,RETURNED,Brazil
10705,C009,Liam O'Brien,liam.obrien@example.com,2026-04-15,P1001,Laptop,5,751.0,PENDING,USA
10706,C010,Yuki Tanaka,yuki.tanaka@example.com,2026-04-16,P1002,Wireless Mouse,1,25.5,COMPLETED,India
10707,C011,Maria Santos,maria.santos@example.com,2026-04-17,P1003,USB-C Hub,2,40.49,CANCELLED,UK
10708,C012,Omar Farouk,omar.farouk@example.com,2026-04-18,P1004,Monitor,3,221.0,RETURNED,Germany
10709,C001,John Smith,john@example.com,2026-04-19,P1005,Keyboard,4,45.0,PENDING,Canada
10710,C002,Priya Sharma,priya.sharma@example.com,2026-04-20,P1006,Webcam,5,60.49,COMPLETED,Australia
10711,C003,Carlos Rivera,carlos.rivera@example.com,2026-04-21,P1007,Headphones,1,90.0,CANCELLED,Japan
10712,C004,Amina Hassan,amina.hassan@example.com,2026-04-22,P1008,Desk Chair,2,175.0,RETURNED,Brazil
10713,C005,Wei Chen,wei.chen@example.com,2026-04-23,P1001,Laptop,3,750.5,PENDING,USA
10714,C006,Emma Wilson,emma.wilson@example.com,2026-04-24,P1002,Wireless Mouse,4,26.5,COMPLETED,India
10715,C007,Noah Patel,noah.patel@example.com,2026-04-25,P1003,USB-C Hub,5,39.99,CANCELLED,UK
10716,C008,Sofia Rossi,sofia.rossi@example.com,2026-04-26,P1004,Monitor,1,220.5,RETURNED,Germany
10717,C009,Liam O'Brien,liam.obrien@example.com,2026-04-27,P1005,Keyboard,2,46.0,PENDING,Canada
10718,C010,Yuki Tanaka,yuki.tanaka@example.com,2026-04-28,P1006,Webcam,3,59.99,COMPLETED,Australia
10719,C011,Maria Santos,maria.santos@example.com,2026-04-29,P1007,Headphones,4,89.5,CANCELLED,Japan
10720,C012,Omar Farouk,omar.farouk@example.com,2026-04-30,P1008,Desk Chair,5,176.0,RETURNED,Brazil
10721,C001,John Smith,john@example.com,2026-05-01,P1001,Laptop,1,750.0,PENDING,USA
10722,C002,Priya Sharma,priya.sharma@example.com,2026-05-02,P1002,Wireless Mouse,2,26.0,COMPLETED,India
10723,C003,Carlos Rivera,carlos.rivera@example.com,2026-05-03,P1003,USB-C Hub,3,40.99,CANCELLED,UK
10724,C004,Amina Hassan,amina.hassan@example.com,2026-05-04,P1004,Monitor,4,220.0,RETURNED,Germany
10725,C005,Wei Chen,wei.chen@example.com,2026-05-05,P1005,Keyboard,5,45.5,PENDING,Canada
10726,C006,Emma Wilson,emma.wilson@example.com,2026-05-06,P1006,Webcam,1,60.99,COMPLETED,Australia
10727,C007,Noah Patel,noah.patel@example.com,2026-05-07,P1007,Headphones,2,89.0,CANCELLED,Japan
10728,C008,Sofia Rossi,sofia.rossi@example.com,2026-05-08,P1008,Desk Chair,3,175.5,RETURNED,Brazil
10729,C009,Liam O'Brien,liam.obrien@example.com,2026-05-09,P1001,Laptop,4,751.0,PENDING,USA
10730,C010,Yuki Tanaka,yuki.tanaka@example.com,2026-05-10,P1002,Wireless Mouse,5,25.5,COMPLETED,India
10731,C011,Maria Santos,maria.santos@example.com,2026-05-11,P1003,USB-C Hub,1,40.49,CANCELLED,UK
10732,C012,Omar Farouk,omar.farouk@example.com,2026-05-12,P1004,Monitor,2,221.0,RETURNED,Germany
10733,C001,John Smith,john@example.com,2026-05-13,P1005,Keyboard,3,45.0,PENDING,Canada
10734,C002,Priya Sharma,priya.sharma@example.com,2026-05-14,P1006,Webcam,4,60.49,COMPLETED,Australia
10735,C003,Carlos Rivera,carlos.rivera@example.com,2026-05-15,P1007,Headphones,5,90.0,CANCELLED,Japan
10736,C004,Amina Hassan,amina.hassan@example.com,2026-05-16,P1008,Desk Chair,1,175.0,RETURNED,Brazil
10737,C005,Wei Chen,wei.chen@example.com,2026-05-17,P1001,Laptop,2,750.5,PENDING,USA
10738,C006,Emma Wilson,emma.wilson@example.com,2026-05-18,P1002,Wireless Mouse,3,26.5,COMPLETED,India
10739,C007,Noah Patel,noah.patel@example.com,2026-05-19,P1003,USB-C Hub,4,39.99,CANCELLED,UK
10740,C008,Sofia Rossi,sofia.rossi@example.com,2026-05-20,P1004,Monitor,5,220.5,RETURNED,Germany
10741,C009,Liam O'Brien,liam.obrien@example.com,2026-05-21,P1005,Keyboard,1,46.0,PENDING,Canada
10742,C010,Yuki Tanaka,yuki.tanaka@example.com,2026-05-22,P1006,Webcam,2,59.99,COMPLETED,Australia
10743,C011,Maria Santos,maria.santos@example.com,2026-05-23,P1007,Headphones,3,89.5,CANCELLED,Japan
10744,C012,Omar Farouk,omar.farouk@example.com,2026-05-24,P1008,Desk Chair,4,176.0,RETURNED,Brazil
10745,C001,John Smith,john@example.com,2026-05-25,P1001,Laptop,5,750.0,PENDING,USA
10746,C002,Priya Sharma,priya.sharma@example.com,2026-05-26,P1002,Wireless Mouse,1,26.0,COMPLETED,India
10747,C003,Carlos Rivera,carlos.rivera@example.com,2026-05-27,P1003,USB-C Hub,2,40.99,CANCELLED,UK
10748,C004,Amina Hassan,amina.hassan@example.com,2026-05-28,P1004,Monitor,3,220.0,RETURNED,Germany
10749,C005,Wei Chen,wei.chen@example.com,2026-05-29,P1005,Keyboard,4,45.5,PENDING,Canada
10750,C006,Emma Wilson,emma.wilson@example.com,2026-05-30,P1006,Webcam,5,60.99,COMPLETED,Australia
10751,C007,Noah Patel,noah.patel@example.com,2026-05-31,P1007,Headphones,1,89.0,CANCELLED,Japan
10752,C008,Sofia Rossi,sofia.rossi@example.com,2026-06-01,P1008,Desk Chair,2,175.5,RETURNED,Brazil
10753,C009,Liam O'Brien,liam.obrien@example.com,2026-06-02,P1001,Laptop,3,751.0,PENDING,USA
10754,C010,Yuki Tanaka,yuki.tanaka@example.com,2026-06-03,P1002,Wireless Mouse,4,25.5,COMPLETED,India
10755,C011,Maria Santos,maria.santos@example.com,2026-06-04,P1003,USB-C Hub,5,40.49,CANCELLED,UK
10756,C012,Omar Farouk,omar.farouk@example.com,2026-06-05,P1004,Monitor,1,221.0,RETURNED,Germany
10757,C001,John Smith,john@example.com,2026-06-06,P1005,Keyboard,2,45.0,PENDING,Canada
10758,C002,Priya Sharma,priya.sharma@example.com,2026-06-07,P1006,Webcam,3,60.49,COMPLETED,Australia
10759,C003,Carlos Rivera,carlos.rivera@example.com,2026-06-08,P1007,Headphones,4,90.0,CANCELLED,Japan
10760,C004,Amina Hassan,amina.hassan@example.com,2026-06-09,P1008,Desk Chair,5,175.0,RETURNED,Brazil
10761,C005,Wei Chen,wei.chen@example.com,2026-06-10,P1001,Laptop,1,750.5,PENDING,USA
10762,C006,Emma Wilson,emma.wilson@example.com,2026-06-11,P1002,Wireless Mouse,2,26.5,COMPLETED,India
10763,C007,Noah Patel,noah.patel@example.com,2026-06-12,P1003,USB-C Hub,3,39.99,CANCELLED,UK
10764,C008,Sofia Rossi,sofia.rossi@example.com,2026-06-13,P1004,Monitor,4,220.5,RETURNED,Germany
10765,C009,Liam O'Brien,liam.obrien@example.com,2026-06-14,P1005,Keyboard,5,46.0,PENDING,Canada
10766,C010,Yuki Tanaka,yuki.tanaka@example.com,2026-06-15,P1006,Webcam,1,59.99,COMPLETED,Australia
10767,C011,Maria Santos,maria.santos@example.com,2026-06-16,P1007,Headphones,2,89.5,CANCELLED,Japan
10768,C012,Omar Farouk,omar.farouk@example.com,2026-06-17,P1008,Desk Chair,3,176.0,RETURNED,Brazil
10769,C001,John Smith,john@example.com,2026-06-18,P1001,Laptop,4,750.0,PENDING,USA
10770,C002,Priya Sharma,priya.sharma@example.com,2026-06-19,P1002,Wireless Mouse,5,26.0,COMPLETED,India
10771,C003,Carlos Rivera,carlos.rivera@example.com,2026-06-20,P1003,USB-C Hub,1,40.99,CANCELLED,UK
10772,C004,Amina Hassan,amina.hassan@example.com,2026-06-21,P1004,Monitor,2,220.0,RETURNED,Germany
10773,C005,Wei Chen,wei.chen@example.com,2026-06-22,P1005,Keyboard,3,45.5,PENDING,Canada
10774,C006,Emma Wilson,emma.wilson@example.com,2026-06-23,P1006,Webcam,4,60.99,COMPLETED,Australia
10775,C007,Noah Patel,noah.patel@example.com,2026-06-24,P1007,Headphones,5,89.0,CANCELLED,Japan
10776,C008,Sofia Rossi,sofia.rossi@example.com,2026-06-25,P1008,Desk Chair,1,175.5,RETURNED,Brazil
10777,C009,Liam O'Brien,liam.obrien@example.com,2026-06-26,P1001,Laptop,2,751.0,PENDING,USA
10778,C010,Yuki Tanaka,yuki.tanaka@example.com,2026-06-27,P1002,Wireless Mouse,3,25.5,COMPLETED,India
10779,C011,Maria Santos,maria.santos@example.com,2026-06-28,P1003,USB-C Hub,4,40.49,CANCELLED,UK
10780,C012,Omar Farouk,omar.farouk@example.com,2026-06-29,P1004,Monitor,5,221.0,RETURNED,Germany
10781,C001,John Smith,john@example.com,2026-06-30,P1005,Keyboard,1,45.0,PENDING,Canada
10782,C002,Priya Sharma,priya.sharma@example.com,2026-07-01,P1006,Webcam,2,60.49,COMPLETED,Australia
10783,C003,Carlos Rivera,carlos.rivera@example.com,2026-07-02,P1007,Headphones,3,90.0,CANCELLED,Japan
10784,C004,Amina Hassan,amina.hassan@example.com,2026-07-03,P1008,Desk Chair,4,175.0,RETURNED,Brazil
10785,C005,Wei Chen,wei.chen@example.com,2026-07-04,P1001,Laptop,5,750.5,PENDING,USA
10786,C006,Emma Wilson,emma.wilson@example.com,2026-07-05,P1002,Wireless Mouse,1,26.5,COMPLETED,India
10787,C007,Noah Patel,noah.patel@example.com,2026-07-06,P1003,USB-C Hub,2,39.99,CANCELLED,UK
10788,C008,Sofia Rossi,sofia.rossi@example.com,2026-07-07,P1004,Monitor,3,220.5,RETURNED,Germany
10789,C009,Liam O'Brien,liam.obrien@example.com,2026-07-08,P1005,Keyboard,4,46.0,PENDING,Canada
10790,C010,Yuki Tanaka,yuki.tanaka@example.com,2026-07-09,P1006,Webcam,5,59.99,COMPLETED,Australia
10791,C011,Maria Santos,maria.santos@example.com,2026-07-10,P1007,Headphones,1,89.5,CANCELLED,Japan
10792,C012,Omar Farouk,omar.farouk@example.com,2026-07-11,P1008,Desk Chair,2,176.0,RETURNED,Brazil
10793,C001,John Smith,john@example.com,2026-07-12,P1001,Laptop,3,750.0,PENDING,USA
10794,C002,Priya Sharma,priya.sharma@example.com,2026-07-13,P1002,Wireless Mouse,4,26.0,COMPLETED,India
10795,C003,Carlos Rivera,carlos.rivera@example.com,2026-07-14,P1003,USB-C Hub,5,40.99,CANCELLED,UK
10796,C004,Amina Hassan,amina.hassan@example.com,2026-07-15,P1004,Monitor,1,220.0,RETURNED,Germany
10797,C005,Wei Chen,wei.chen@example.com,2026-07-16,P1005,Keyboard,2,45.5,PENDING,Canada
10798,C006,Emma Wilson,emma.wilson@example.com,2026-07-17,P1006,Webcam,3,60.99,COMPLETED,Australia
10799,C007,Noah Patel,noah.patel@example.com,2026-07-18,P1007,Headphones,4,89.0,CANCELLED,Japan
10800,C008,Sofia Rossi,sofia.rossi@example.com,2026-07-19,P1008,Desk Chair,5,175.5,RETURNED,Brazil
10801,C009,Liam O'Brien,liam.obrien@example.com,2026-01-01,P1001,Laptop,1,751.0,PENDING,USA
10802,C010,Yuki Tanaka,yuki.tanaka@example.com,2026-01-02,P1002,Wireless Mouse,2,25.5,COMPLETED,India
10803,C011,Maria Santos,maria.santos@example.com,2026-01-03,P1003,USB-C Hub,3,40.49,CANCELLED,UK
10804,C012,Omar Farouk,omar.farouk@example.com,2026-01-04,P1004,Monitor,4,221.0,RETURNED,Germany
10805,C001,John Smith,john@example.com,2026-01-05,P1005,Keyboard,5,45.0,PENDING,Canada
10806,C002,Priya Sharma,priya.sharma@example.com,2026-01-06,P1006,Webcam,1,60.49,COMPLETED,Australia
10807,C003,Carlos Rivera,carlos.rivera@example.com,2026-01-07,P1007,Headphones,2,90.0,CANCELLED,Japan
10808,C004,Amina Hassan,amina.hassan@example.com,2026-01-08,P1008,Desk Chair,3,175.0,RETURNED,Brazil
10809,C005,Wei Chen,wei.chen@example.com,2026-01-09,P1001,Laptop,4,750.5,PENDING,USA
10810,C006,Emma Wilson,emma.wilson@example.com,2026-01-10,P1002,Wireless Mouse,5,26.5,COMPLETED,India
10811,C007,Noah Patel,noah.patel@example.com,2026-01-11,P1003,USB-C Hub,1,39.99,CANCELLED,UK
10812,C008,Sofia Rossi,sofia.rossi@example.com,2026-01-12,P1004,Monitor,2,220.5,RETURNED,Germany
10813,C009,Liam O'Brien,liam.obrien@example.com,2026-01-13,P1005,Keyboard,3,46.0,PENDING,Canada
10814,C010,Yuki Tanaka,yuki.tanaka@example.com,2026-01-14,P1006,Webcam,4,59.99,COMPLETED,Australia
10815,C011,Maria Santos,maria.santos@example.com,2026-01-15,P1007,Headphones,5,89.5,CANCELLED,Japan
10816,C012,Omar Farouk,omar.farouk@example.com,2026-01-16,P1008,Desk Chair,1,176.0,RETURNED,Brazil
10817,C001,John Smith,john@example.com,2026-01-17,P1001,Laptop,2,750.0,PENDING,USA
10818,C002,Priya Sharma,priya.sharma@example.com,2026-01-18,P1002,Wireless Mouse,3,26.0,COMPLETED,India
10819,C003,Carlos Rivera,carlos.rivera@example.com,2026-01-19,P1003,USB-C Hub,4,40.99,CANCELLED,UK
10820,C004,Amina Hassan,amina.hassan@example.com,2026-01-20,P1004,Monitor,5,220.0,RETURNED,Germany
10821,C005,Wei Chen,wei.chen@example.com,2026-01-21,P1005,Keyboard,1,45.5,PENDING,Canada
10822,C006,Emma Wilson,emma.wilson@example.com,2026-01-22,P1006,Webcam,2,60.99,COMPLETED,Australia
10823,C007,Noah Patel,noah.patel@example.com,2026-01-23,P1007,Headphones,3,89.0,CANCELLED,Japan
10824,C008,Sofia Rossi,sofia.rossi@example.com,2026-01-24,P1008,Desk Chair,4,175.5,RETURNED,Brazil
10825,C009,Liam O'Brien,liam.obrien@example.com,2026-01-25,P1001,Laptop,5,751.0,PENDING,USA
10826,C010,Yuki Tanaka,yuki.tanaka@example.com,2026-01-26,P1002,Wireless Mouse,1,25.5,COMPLETED,India
10827,C011,Maria Santos,maria.santos@example.com,2026-01-27,P1003,USB-C Hub,2,40.49,CANCELLED,UK
10828,C012,Omar Farouk,omar.farouk@example.com,2026-01-28,P1004,Monitor,3,221.0,RETURNED,Germany
10829,C001,John Smith,john@example.com,2026-01-29,P1005,Keyboard,4,45.0,PENDING,Canada
10830,C002,Priya Sharma,priya.sharma@example.com,2026-01-30,P1006,Webcam,5,60.49,COMPLETED,Australia
10831,C003,Carlos Rivera,carlos.rivera@example.com,2026-01-31,P1007,Headphones,1,90.0,CANCELLED,Japan
10832,C004,Amina Hassan,amina.hassan@example.com,2026-02-01,P1008,Desk Chair,2,175.0,RETURNED,Brazil
10833,C005,Wei Chen,wei.chen@example.com,2026-02-02,P1001,Laptop,3,750.5,PENDING,USA
10834,C006,Emma Wilson,emma.wilson@example.com,2026-02-03,P1002,Wireless Mouse,4,26.5,COMPLETED,India
10835,C007,Noah Patel,noah.patel@example.com,2026-02-04,P1003,USB-C Hub,5,39.99,CANCELLED,UK
10836,C008,Sofia Rossi,sofia.rossi@example.com,2026-02-05,P1004,Monitor,1,220.5,RETURNED,Germany
10837,C009,Liam O'Brien,liam.obrien@example.com,2026-02-06,P1005,Keyboard,2,46.0,PENDING,Canada
10838,C010,Yuki Tanaka,yuki.tanaka@example.com,2026-02-07,P1006,Webcam,3,59.99,COMPLETED,Australia
10839,C011,Maria Santos,maria.santos@example.com,2026-02-08,P1007,Headphones,4,89.5,CANCELLED,Japan
10840,C012,Omar Farouk,omar.farouk@example.com,2026-02-09,P1008,Desk Chair,5,176.0,RETURNED,Brazil
10841,C001,John Smith,john@example.com,2026-02-10,P1001,Laptop,1,750.0,PENDING,USA
10842,C002,Priya Sharma,priya.sharma@example.com,2026-02-11,P1002,Wireless Mouse,2,26.0,COMPLETED,India
10843,C003,Carlos Rivera,carlos.rivera@example.com,2026-02-12,P1003,USB-C Hub,3,40.99,CANCELLED,UK
10844,C004,Amina Hassan,amina.hassan@example.com,2026-02-13,P1004,Monitor,4,220.0,RETURNED,Germany
10845,C005,Wei Chen,wei.chen@example.com,2026-02-14,P1005,Keyboard,5,45.5,PENDING,Canada
10846,C006,Emma Wilson,emma.wilson@example.com,2026-02-15,P1006,Webcam,1,60.99,COMPLETED,Australia
10847,C007,Noah Patel,noah.patel@example.com,2026-02-16,P1007,Headphones,2,89.0,CANCELLED,Japan
10848,C008,Sofia Rossi,sofia.rossi@example.com,2026-02-17,P1008,Desk Chair,3,175.5,RETURNED,Brazil
10849,C009,Liam O'Brien,liam.obrien@example.com,2026-02-18,P1001,Laptop,4,751.0,PENDING,USA
10850,C010,Yuki Tanaka,yuki.tanaka@example.com,2026-02-19,P1002,Wireless Mouse,5,25.5,COMPLETED,India
10851,C011,Maria Santos,maria.santos@example.com,2026-02-20,P1003,USB-C Hub,1,40.49,CANCELLED,UK
10852,C012,Omar Farouk,omar.farouk@example.com,2026-02-21,P1004,Monitor,2,221.0,RETURNED,Germany
10853,C001,John Smith,john@example.com,2026-02-22,P1005,Keyboard,3,45.0,PENDING,Canada
10854,C002,Priya Sharma,priya.sharma@example.com,2026-02-23,P1006,Webcam,4,60.49,COMPLETED,Australia
10855,C003,Carlos Rivera,carlos.rivera@example.com,2026-02-24,P1007,Headphones,5,90.0,CANCELLED,Japan
10856,C004,Amina Hassan,amina.hassan@example.com,2026-02-25,P1008,Desk Chair,1,175.0,RETURNED,Brazil
10857,C005,Wei Chen,wei.chen@example.com,2026-02-26,P1001,Laptop,2,750.5,PENDING,USA
10858,C006,Emma Wilson,emma.wilson@example.com,2026-02-27,P1002,Wireless Mouse,3,26.5,COMPLETED,India
10859,C007,Noah Patel,noah.patel@example.com,2026-02-28,P1003,USB-C Hub,4,39.99,CANCELLED,UK
10860,C008,Sofia Rossi,sofia.rossi@example.com,2026-03-01,P1004,Monitor,5,220.5,RETURNED,Germany
10861,C009,Liam O'Brien,liam.obrien@example.com,2026-03-02,P1005,Keyboard,1,46.0,PENDING,Canada
10862,C010,Yuki Tanaka,yuki.tanaka@example.com,2026-03-03,P1006,Webcam,2,59.99,COMPLETED,Australia
10863,C011,Maria Santos,maria.santos@example.com,2026-03-04,P1007,Headphones,3,89.5,CANCELLED,Japan
10864,C012,Omar Farouk,omar.farouk@example.com,2026-03-05,P1008,Desk Chair,4,176.0,RETURNED,Brazil
10865,C001,John Smith,john@example.com,2026-03-06,P1001,Laptop,5,750.0,PENDING,USA
10866,C002,Priya Sharma,priya.sharma@example.com,2026-03-07,P1002,Wireless Mouse,1,26.0,COMPLETED,India
10867,C003,Carlos Rivera,carlos.rivera@example.com,2026-03-08,P1003,USB-C Hub,2,40.99,CANCELLED,UK
10868,C004,Amina Hassan,amina.hassan@example.com,2026-03-09,P1004,Monitor,3,220.0,RETURNED,Germany
10869,C005,Wei Chen,wei.chen@example.com,2026-03-10,P1005,Keyboard,4,45.5,PENDING,Canada
10870,C006,Emma Wilson,emma.wilson@example.com,2026-03-11,P1006,Webcam,5,60.99,COMPLETED,Australia
10871,C007,Noah Patel,noah.patel@example.com,2026-03-12,P1007,Headphones,1,89.0,CANCELLED,Japan
10872,C008,Sofia Rossi,sofia.rossi@example.com,2026-03-13,P1008,Desk Chair,2,175.5,RETURNED,Brazil
10873,C009,Liam O'Brien,liam.obrien@example.com,2026-03-14,P1001,Laptop,3,751.0,PENDING,USA
10874,C010,Yuki Tanaka,yuki.tanaka@example.com,2026-03-15,P1002,Wireless Mouse,4,25.5,COMPLETED,India
10875,C011,Maria Santos,maria.santos@example.com,2026-03-16,P1003,USB-C Hub,5,40.49,CANCELLED,UK
10876,C012,Omar Farouk,omar.farouk@example.com,2026-03-17,P1004,Monitor,1,221.0,RETURNED,Germany
10877,C001,John Smith,john@example.com,2026-03-18,P1005,Keyboard,2,45.0,PENDING,Canada
10878,C002,Priya Sharma,priya.sharma@example.com,2026-03-19,P1006,Webcam,3,60.49,COMPLETED,Australia
10879,C003,Carlos Rivera,carlos.rivera@example.com,2026-03-20,P1007,Headphones,4,90.0,CANCELLED,Japan
10880,C004,Amina Hassan,amina.hassan@example.com,2026-03-21,P1008,Desk Chair,5,175.0,RETURNED,Brazil
10881,C005,Wei Chen,wei.chen@example.com,2026-03-22,P1001,Laptop,1,750.5,PENDING,USA
10882,C006,Emma Wilson,emma.wilson@example.com,2026-03-23,P1002,Wireless Mouse,2,26.5,COMPLETED,India
10883,C007,Noah Patel,noah.patel@example.com,2026-03-24,P1003,USB-C Hub,3,39.99,CANCELLED,UK
10884,C008,Sofia Rossi,sofia.rossi@example.com,2026-03-25,P1004,Monitor,4,220.5,RETURNED,Germany
10885,C009,Liam O'Brien,liam.obrien@example.com,2026-03-26,P1005,Keyboard,5,46.0,PENDING,Canada
10886,C010,Yuki Tanaka,yuki.tanaka@example.com,2026-03-27,P1006,Webcam,1,59.99,COMPLETED,Australia
10887,C011,Maria Santos,maria.santos@example.com,2026-03-28,P1007,Headphones,2,89.5,CANCELLED,Japan
10888,C012,Omar Farouk,omar.farouk@example.com,2026-03-29,P1008,Desk Chair,3,176.0,RETURNED,Brazil
10889,C001,John Smith,john@example.com,2026-03-30,P1001,Laptop,4,750.0,PENDING,USA
10890,C002,Priya Sharma,priya.sharma@example.com,2026-03-31,P1002,Wireless Mouse,5,26.0,COMPLETED,India
10891,C003,Carlos Rivera,carlos.rivera@example.com,2026-04-01,P1003,USB-C Hub,1,40.99,CANCELLED,UK
10892,C004,Amina Hassan,amina.hassan@example.com,2026-04-02,P1004,Monitor,2,220.0,RETURNED,Germany
10893,C005,Wei Chen,wei.chen@example.com,2026-04-03,P1005,Keyboard,3,45.5,PENDING,Canada
10894,C006,Emma Wilson,emma.wilson@example.com,2026-04-04,P1006,Webcam,4,60.99,COMPLETED,Australia
10895,C007,Noah Patel,noah.patel@example.com,2026-04-05,P1007,Headphones,5,89.0,CANCELLED,Japan
10896,C008,Sofia Rossi,sofia.rossi@example.com,2026-04-06,P1008,Desk Chair,1,175.5,RETURNED,Brazil
10897,C009,Liam O'Brien,liam.obrien@example.com,2026-04-07,P1001,Laptop,2,751.0,PENDING,USA
10898,C010,Yuki Tanaka,yuki.tanaka@example.com,2026-04-08,P1002,Wireless Mouse,3,25.5,COMPLETED,India
10899,C011,Maria Santos,maria.santos@example.com,2026-04-09,P1003,USB-C Hub,4,40.49,CANCELLED,UK
10900,C012,Omar Farouk,omar.farouk@example.com,2026-04-10,P1004,Monitor,5,221.0,RETURNED,Germany
10901,C001,John Smith,john@example.com,2026-04-11,P1005,Keyboard,1,45.0,PENDING,Canada
10902,C002,Priya Sharma,priya.sharma@example.com,2026-04-12,P1006,Webcam,2,60.49,COMPLETED,Australia
10903,C003,Carlos Rivera,carlos.rivera@example.com,2026-04-13,P1007,Headphones,3,90.0,CANCELLED,Japan
10904,C004,Amina Hassan,amina.hassan@example.com,2026-04-14,P1008,Desk Chair,4,175.0,RETURNED,Brazil
10905,C005,Wei Chen,wei.chen@example.com,2026-04-15,P1001,Laptop,5,750.5,PENDING,USA
10906,C006,Emma Wilson,emma.wilson@example.com,2026-04-16,P1002,Wireless Mouse,1,26.5,COMPLETED,India
10907,C007,Noah Patel,noah.patel@example.com,2026-04-17,P1003,USB-C Hub,2,39.99,CANCELLED,UK
10908,C008,Sofia Rossi,sofia.rossi@example.com,2026-04-18,P1004,Monitor,3,220.5,RETURNED,Germany
10909,C009,Liam O'Brien,liam.obrien@example.com,2026-04-19,P1005,Keyboard,4,46.0,PENDING,Canada
10910,C010,Yuki Tanaka,yuki.tanaka@example.com,2026-04-20,P1006,Webcam,5,59.99,COMPLETED,Australia
10911,C011,Maria Santos,maria.santos@example.com,2026-04-21,P1007,Headphones,1,89.5,CANCELLED,Japan
10912,C012,Omar Farouk,omar.farouk@example.com,2026-04-22,P1008,Desk Chair,2,176.0,RETURNED,Brazil
10913,C001,John Smith,john@example.com,2026-04-23,P1001,Laptop,3,750.0,PENDING,USA
10914,C002,Priya Sharma,priya.sharma@example.com,2026-04-24,P1002,Wireless Mouse,4,26.0,COMPLETED,India
10915,C003,Carlos Rivera,carlos.rivera@example.com,2026-04-25,P1003,USB-C Hub,5,40.99,CANCELLED,UK
10916,C004,Amina Hassan,amina.hassan@example.com,2026-04-26,P1004,Monitor,1,220.0,RETURNED,Germany
10917,C005,Wei Chen,wei.chen@example.com,2026-04-27,P1005,Keyboard,2,45.5,PENDING,Canada
10918,C006,Emma Wilson,emma.wilson@example.com,2026-04-28,P1006,Webcam,3,60.99,COMPLETED,Australia
10919,C007,Noah Patel,noah.patel@example.com,2026-04-29,P1007,Headphones,4,89.0,CANCELLED,Japan
10920,C008,Sofia Rossi,sofia.rossi@example.com,2026-04-30,P1008,Desk Chair,5,175.5,RETURNED,Brazil
10921,C009,Liam O'Brien,liam.obrien@example.com,2026-05-01,P1001,Laptop,1,751.0,PENDING,USA
10922,C010,Yuki Tanaka,yuki.tanaka@example.com,2026-05-02,P1002,Wireless Mouse,2,25.5,COMPLETED,India
10923,C011,Maria Santos,maria.santos@example.com,2026-05-03,P1003,USB-C Hub,3,40.49,CANCELLED,UK
10924,C012,Omar Farouk,omar.farouk@example.com,2026-05-04,P1004,Monitor,4,221.0,RETURNED,Germany
10925,C001,John Smith,john@example.com,2026-05-05,P1005,Keyboard,5,45.0,PENDING,Canada
10926,C002,Priya Sharma,priya.sharma@example.com,2026-05-06,P1006,Webcam,1,60.49,COMPLETED,Australia
10927,C003,Carlos Rivera,carlos.rivera@example.com,2026-05-07,P1007,Headphones,2,90.0,CANCELLED,Japan
10928,C004,Amina Hassan,amina.hassan@example.com,2026-05-08,P1008,Desk Chair,3,175.0,RETURNED,Brazil
10929,C005,Wei Chen,wei.chen@example.com,2026-05-09,P1001,Laptop,4,750.5,PENDING,USA
10930,C006,Emma Wilson,emma.wilson@example.com,2026-05-10,P1002,Wireless Mouse,5,26.5,COMPLETED,India
10931,C007,Noah Patel,noah.patel@example.com,2026-05-11,P1003,USB-C Hub,1,39.99,CANCELLED,UK
10932,C008,Sofia Rossi,sofia.rossi@example.com,2026-05-12,P1004,Monitor,2,220.5,RETURNED,Germany
10933,C009,Liam O'Brien,liam.obrien@example.com,2026-05-13,P1005,Keyboard,3,46.0,PENDING,Canada
10934,C010,Yuki Tanaka,yuki.tanaka@example.com,2026-05-14,P1006,Webcam,4,59.99,COMPLETED,Australia
10935,C011,Maria Santos,maria.santos@example.com,2026-05-15,P1007,Headphones,5,89.5,CANCELLED,Japan
10936,C012,Omar Farouk,omar.farouk@example.com,2026-05-16,P1008,Desk Chair,1,176.0,RETURNED,Brazil
10937,C001,John Smith,john@example.com,2026-05-17,P1001,Laptop,2,750.0,PENDING,USA
10938,C002,Priya Sharma,priya.sharma@example.com,2026-05-18,P1002,Wireless Mouse,3,26.0,COMPLETED,India
10939,C003,Carlos Rivera,carlos.rivera@example.com,2026-05-19,P1003,USB-C Hub,4,40.99,CANCELLED,UK
10940,C004,Amina Hassan,amina.hassan@example.com,2026-05-20,P1004,Monitor,5,220.0,RETURNED,Germany
10941,C005,Wei Chen,wei.chen@example.com,2026-05-21,P1005,Keyboard,1,45.5,PENDING,Canada
10942,C006,Emma Wilson,emma.wilson@example.com,2026-05-22,P1006,Webcam,2,60.99,COMPLETED,Australia
10943,C007,Noah Patel,noah.patel@example.com,2026-05-23,P1007,Headphones,3,89.0,CANCELLED,Japan
10944,C008,Sofia Rossi,sofia.rossi@example.com,2026-05-24,P1008,Desk Chair,4,175.5,RETURNED,Brazil
10945,C009,Liam O'Brien,liam.obrien@example.com,2026-05-25,P1001,Laptop,5,751.0,PENDING,USA
10946,C010,Yuki Tanaka,yuki.tanaka@example.com,2026-05-26,P1002,Wireless Mouse,1,25.5,COMPLETED,India
10947,C011,Maria Santos,maria.santos@example.com,2026-05-27,P1003,USB-C Hub,2,40.49,CANCELLED,UK
10948,C012,Omar Farouk,omar.farouk@example.com,2026-05-28,P1004,Monitor,3,221.0,RETURNED,Germany
10949,C001,John Smith,john@example.com,2026-05-29,P1005,Keyboard,4,45.0,PENDING,Canada
10950,C002,Priya Sharma,priya.sharma@example.com,2026-05-30,P1006,Webcam,5,60.49,COMPLETED,Australia
10951,C003,Carlos Rivera,carlos.rivera@example.com,2026-05-31,P1007,Headphones,1,90.0,CANCELLED,Japan
10952,C004,Amina Hassan,amina.hassan@example.com,2026-06-01,P1008,Desk Chair,2,175.0,RETURNED,Brazil
10953,C005,Wei Chen,wei.chen@example.com,2026-06-02,P1001,Laptop,3,750.5,PENDING,USA
10954,C006,Emma Wilson,emma.wilson@example.com,2026-06-03,P1002,Wireless Mouse,4,26.5,COMPLETED,India
10955,C007,Noah Patel,noah.patel@example.com,2026-06-04,P1003,USB-C Hub,5,39.99,CANCELLED,UK
10956,C008,Sofia Rossi,sofia.rossi@example.com,2026-06-05,P1004,Monitor,1,220.5,RETURNED,Germany
10957,C009,Liam O'Brien,liam.obrien@example.com,2026-06-06,P1005,Keyboard,2,46.0,PENDING,Canada
10958,C010,Yuki Tanaka,yuki.tanaka@example.com,2026-06-07,P1006,Webcam,3,59.99,COMPLETED,Australia
10959,C011,Maria Santos,maria.santos@example.com,2026-06-08,P1007,Headphones,4,89.5,CANCELLED,Japan
10960,C012,Omar Farouk,omar.farouk@example.com,2026-06-09,P1008,Desk Chair,5,176.0,RETURNED,Brazil
10961,C001,John Smith,john@example.com,2026-06-10,P1001,Laptop,1,750.0,PENDING,USA
10962,C002,Priya Sharma,priya.sharma@example.com,2026-06-11,P1002,Wireless Mouse,2,26.0,COMPLETED,India
10963,C003,Carlos Rivera,carlos.rivera@example.com,2026-06-12,P1003,USB-C Hub,3,40.99,CANCELLED,UK
10964,C004,Amina Hassan,amina.hassan@example.com,2026-06-13,P1004,Monitor,4,220.0,RETURNED,Germany
10965,C005,Wei Chen,wei.chen@example.com,2026-06-14,P1005,Keyboard,5,45.5,PENDING,Canada
10966,C006,Emma Wilson,emma.wilson@example.com,2026-06-15,P1006,Webcam,1,60.99,COMPLETED,Australia
10967,C007,Noah Patel,noah.patel@example.com,2026-06-16,P1007,Headphones,2,89.0,CANCELLED,Japan
10968,C008,Sofia Rossi,sofia.rossi@example.com,2026-06-17,P1008,Desk Chair,3,175.5,RETURNED,Brazil
10969,C009,Liam O'Brien,liam.obrien@example.com,2026-06-18,P1001,Laptop,4,751.0,PENDING,USA
10970,C010,Yuki Tanaka,yuki.tanaka@example.com,2026-06-19,P1002,Wireless Mouse,5,25.5,COMPLETED,India
10971,C011,Maria Santos,maria.santos@example.com,2026-06-20,P1003,USB-C Hub,1,40.49,CANCELLED,UK
10972,C012,Omar Farouk,omar.farouk@example.com,2026-06-21,P1004,Monitor,2,221.0,RETURNED,Germany
10973,C001,John Smith,john@example.com,2026-06-22,P1005,Keyboard,3,45.0,PENDING,Canada
10974,C002,Priya Sharma,priya.sharma@example.com,2026-06-23,P1006,Webcam,4,60.49,COMPLETED,Australia
10975,C003,Carlos Rivera,carlos.rivera@example.com,2026-06-24,P1007,Headphones,5,90.0,CANCELLED,Japan
10976,C004,Amina Hassan,amina.hassan@example.com,2026-06-25,P1008,Desk Chair,1,175.0,RETURNED,Brazil
10977,C005,Wei Chen,wei.chen@example.com,2026-06-26,P1001,Laptop,2,750.5,PENDING,USA
10978,C006,Emma Wilson,emma.wilson@example.com,2026-06-27,P1002,Wireless Mouse,3,26.5,COMPLETED,India
10979,C007,Noah Patel,noah.patel@example.com,2026-06-28,P1003,USB-C Hub,4,39.99,CANCELLED,UK
10980,C008,Sofia Rossi,sofia.rossi@example.com,2026-06-29,P1004,Monitor,5,220.5,RETURNED,Germany
10981,C009,Liam O'Brien,liam.obrien@example.com,2026-06-30,P1005,Keyboard,1,46.0,PENDING,Canada
10982,C010,Yuki Tanaka,yuki.tanaka@example.com,2026-07-01,P1006,Webcam,2,59.99,COMPLETED,Australia
10983,C011,Maria Santos,maria.santos@example.com,2026-07-02,P1007,Headphones,3,89.5,CANCELLED,Japan
10984,C012,Omar Farouk,omar.farouk@example.com,2026-07-03,P1008,Desk Chair,4,176.0,RETURNED,Brazil
10985,C001,John Smith,john@example.com,2026-07-04,P1001,Laptop,5,750.0,PENDING,USA
10986,C002,Priya Sharma,priya.sharma@example.com,2026-07-05,P1002,Wireless Mouse,1,26.0,COMPLETED,India
10987,C003,Carlos Rivera,carlos.rivera@example.com,2026-07-06,P1003,USB-C Hub,2,40.99,CANCELLED,UK
10988,C004,Amina Hassan,amina.hassan@example.com,2026-07-07,P1004,Monitor,3,220.0,RETURNED,Germany
10989,C005,Wei Chen,wei.chen@example.com,2026-07-08,P1005,Keyboard,4,45.5,PENDING,Canada
10990,C006,Emma Wilson,emma.wilson@example.com,2026-07-09,P1006,Webcam,5,60.99,COMPLETED,Australia
10991,C007,Noah Patel,noah.patel@example.com,2026-07-10,P1007,Headphones,1,89.0,CANCELLED,Japan
10992,C008,Sofia Rossi,sofia.rossi@example.com,2026-07-11,P1008,Desk Chair,2,175.5,RETURNED,Brazil
10993,C009,Liam O'Brien,liam.obrien@example.com,2026-07-12,P1001,Laptop,3,751.0,PENDING,USA
10994,C010,Yuki Tanaka,yuki.tanaka@example.com,2026-07-13,P1002,Wireless Mouse,4,25.5,COMPLETED,India
10995,C011,Maria Santos,maria.santos@example.com,2026-07-14,P1003,USB-C Hub,5,40.49,CANCELLED,UK
10996,C012,Omar Farouk,omar.farouk@example.com,2026-07-15,P1004,Monitor,1,221.0,RETURNED,Germany
10997,C001,John Smith,john@example.com,2026-07-16,P1005,Keyboard,2,45.0,PENDING,Canada
10998,C002,Priya Sharma,priya.sharma@example.com,2026-07-17,P1006,Webcam,3,60.49,COMPLETED,Australia
10999,C003,Carlos Rivera,carlos.rivera@example.com,2026-07-18,P1007,Headphones,4,90.0,CANCELLED,Japan
11000,C004,Amina Hassan,amina.hassan@example.com,2026-07-19,P1008,Desk Chair,5,175.0,RETURNED,Brazil
11001,C005,Wei Chen,wei.chen@example.com,2026-01-01,P1001,Laptop,1,750.5,PENDING,USA
11002,C006,Emma Wilson,emma.wilson@example.com,2026-01-02,P1002,Wireless Mouse,2,26.5,COMPLETED,India
11003,C007,Noah Patel,noah.patel@example.com,2026-01-03,P1003,USB-C Hub,3,39.99,CANCELLED,UK
11004,C008,Sofia Rossi,sofia.rossi@example.com,2026-01-04,P1004,Monitor,4,220.5,RETURNED,Germany
11005,C009,Liam O'Brien,liam.obrien@example.com,2026-01-05,P1005,Keyboard,5,46.0,PENDING,Canada
11006,C010,Yuki Tanaka,yuki.tanaka@example.com,2026-01-06,P1006,Webcam,1,59.99,COMPLETED,Australia
11007,C011,Maria Santos,maria.santos@example.com,2026-01-07,P1007,Headphones,2,89.5,CANCELLED,Japan
11008,C012,Omar Farouk,omar.farouk@example.com,2026-01-08,P1008,Desk Chair,3,176.0,RETURNED,Brazil
11009,C001,John Smith,john@example.com,2026-01-09,P1001,Laptop,4,750.0,PENDING,USA
11010,C002,Priya Sharma,priya.sharma@example.com,2026-01-10,P1002,Wireless Mouse,5,26.0,COMPLETED,India
11011,C003,Carlos Rivera,carlos.rivera@example.com,2026-01-11,P1003,USB-C Hub,1,40.99,CANCELLED,UK
11012,C004,Amina Hassan,amina.hassan@example.com,2026-01-12,P1004,Monitor,2,220.0,RETURNED,Germany
11013,C005,Wei Chen,wei.chen@example.com,2026-01-13,P1005,Keyboard,3,45.5,PENDING,Canada
11014,C006,Emma Wilson,emma.wilson@example.com,2026-01-14,P1006,Webcam,4,60.99,COMPLETED,Australia
11015,C007,Noah Patel,noah.patel@example.com,2026-01-15,P1007,Headphones,5,89.0,CANCELLED,Japan
11016,C008,Sofia Rossi,sofia.rossi@example.com,2026-01-16,P1008,Desk Chair,1,175.5,RETURNED,Brazil
11017,C009,Liam O'Brien,liam.obrien@example.com,2026-01-17,P1001,Laptop,2,751.0,PENDING,USA
11018,C010,Yuki Tanaka,yuki.tanaka@example.com,2026-01-18,P1002,Wireless Mouse,3,25.5,COMPLETED,India
11019,C011,Maria Santos,maria.santos@example.com,2026-01-19,P1003,USB-C Hub,4,40.49,CANCELLED,UK
11020,C012,Omar Farouk,omar.farouk@example.com,2026-01-20,P1004,Monitor,5,221.0,RETURNED,Germany
11021,C001,John Smith,john@example.com,2026-01-21,P1005,Keyboard,1,45.0,PENDING,Canada
11022,C002,Priya Sharma,priya.sharma@example.com,2026-01-22,P1006,Webcam,2,60.49,COMPLETED,Australia
11023,C003,Carlos Rivera,carlos.rivera@example.com,2026-01-23,P1007,Headphones,3,90.0,CANCELLED,Japan
11024,C004,Amina Hassan,amina.hassan@example.com,2026-01-24,P1008,Desk Chair,4,175.0,RETURNED,Brazil
11025,C005,Wei Chen,wei.chen@example.com,2026-01-25,P1001,Laptop,5,750.5,PENDING,USA
11026,C006,Emma Wilson,emma.wilson@example.com,2026-01-26,P1002,Wireless Mouse,1,26.5,COMPLETED,India
11027,C007,Noah Patel,noah.patel@example.com,2026-01-27,P1003,USB-C Hub,2,39.99,CANCELLED,UK
11028,C008,Sofia Rossi,sofia.rossi@example.com,2026-01-28,P1004,Monitor,3,220.5,RETURNED,Germany
11029,C009,Liam O'Brien,liam.obrien@example.com,2026-01-29,P1005,Keyboard,4,46.0,PENDING,Canada
11030,C010,Yuki Tanaka,yuki.tanaka@example.com,2026-01-30,P1006,Webcam,5,59.99,COMPLETED,Australia
11031,C011,Maria Santos,maria.santos@example.com,2026-01-31,P1007,Headphones,1,89.5,CANCELLED,Japan
11032,C012,Omar Farouk,omar.farouk@example.com,2026-02-01,P1008,Desk Chair,2,176.0,RETURNED,Brazil
11033,C001,John Smith,john@example.com,2026-02-02,P1001,Laptop,3,750.0,PENDING,USA
11034,C002,Priya Sharma,priya.sharma@example.com,2026-02-03,P1002,Wireless Mouse,4,26.0,COMPLETED,India
11035,C003,Carlos Rivera,carlos.rivera@example.com,2026-02-04,P1003,USB-C Hub,5,40.99,CANCELLED,UK
11036,C004,Amina Hassan,amina.hassan@example.com,2026-02-05,P1004,Monitor,1,220.0,RETURNED,Germany
11037,C005,Wei Chen,wei.chen@example.com,2026-02-06,P1005,Keyboard,2,45.5,PENDING,Canada
11038,C006,Emma Wilson,emma.wilson@example.com,2026-02-07,P1006,Webcam,3,60.99,COMPLETED,Australia
11039,C007,Noah Patel,noah.patel@example.com,2026-02-08,P1007,Headphones,4,89.0,CANCELLED,Japan
11040,C008,Sofia Rossi,sofia.rossi@example.com,2026-02-09,P1008,Desk Chair,5,175.5,RETURNED,Brazil
11041,C009,Liam O'Brien,liam.obrien@example.com,2026-02-10,P1001,Laptop,1,751.0,PENDING,USA
11042,C010,Yuki Tanaka,yuki.tanaka@example.com,2026-02-11,P1002,Wireless Mouse,2,25.5,COMPLETED,India
11043,C011,Maria Santos,maria.santos@example.com,2026-02-12,P1003,USB-C Hub,3,40.49,CANCELLED,UK
11044,C012,Omar Farouk,omar.farouk@example.com,2026-02-13,P1004,Monitor,4,221.0,RETURNED,Germany
11045,C001,John Smith,john@example.com,2026-02-14,P1005,Keyboard,5,45.0,PENDING,Canada
11046,C002,Priya Sharma,priya.sharma@example.com,2026-02-15,P1006,Webcam,1,60.49,COMPLETED,Australia
11047,C003,Carlos Rivera,carlos.rivera@example.com,2026-02-16,P1007,Headphones,2,90.0,CANCELLED,Japan
11048,C004,Amina Hassan,amina.hassan@example.com,2026-02-17,P1008,Desk Chair,3,175.0,RETURNED,Brazil
11049,C005,Wei Chen,wei.chen@example.com,2026-02-18,P1001,Laptop,4,750.5,PENDING,USA
11050,C006,Emma Wilson,emma.wilson@example.com,2026-02-19,P1002,Wireless Mouse,5,26.5,COMPLETED,India
11051,C007,Noah Patel,noah.patel@example.com,2026-02-20,P1003,USB-C Hub,1,39.99,CANCELLED,UK
11052,C008,Sofia Rossi,sofia.rossi@example.com,2026-02-21,P1004,Monitor,2,220.5,RETURNED,Germany
11053,C009,Liam O'Brien,liam.obrien@example.com,2026-02-22,P1005,Keyboard,3,46.0,PENDING,Canada
11054,C010,Yuki Tanaka,yuki.tanaka@example.com,2026-02-23,P1006,Webcam,4,59.99,COMPLETED,Australia
11055,C011,Maria Santos,maria.santos@example.com,2026-02-24,P1007,Headphones,5,89.5,CANCELLED,Japan
11056,C012,Omar Farouk,omar.farouk@example.com,2026-02-25,P1008,Desk Chair,1,176.0,RETURNED,Brazil
11057,C001,John Smith,john@example.com,2026-02-26,P1001,Laptop,2,750.0,PENDING,USA
11058,C002,Priya Sharma,priya.sharma@example.com,2026-02-27,P1002,Wireless Mouse,3,26.0,COMPLETED,India
11059,C003,Carlos Rivera,carlos.rivera@example.com,2026-02-28,P1003,USB-C Hub,4,40.99,CANCELLED,UK
11060,C004,Amina Hassan,amina.hassan@example.com,2026-03-01,P1004,Monitor,5,220.0,RETURNED,Germany
11061,C005,Wei Chen,wei.chen@example.com,2026-03-02,P1005,Keyboard,1,45.5,PENDING,Canada
11062,C006,Emma Wilson,emma.wilson@example.com,2026-03-03,P1006,Webcam,2,60.99,COMPLETED,Australia
11063,C007,Noah Patel,noah.patel@example.com,2026-03-04,P1007,Headphones,3,89.0,CANCELLED,Japan
11064,C008,Sofia Rossi,sofia.rossi@example.com,2026-03-05,P1008,Desk Chair,4,175.5,RETURNED,Brazil
11065,C009,Liam O'Brien,liam.obrien@example.com,2026-03-06,P1001,Laptop,5,751.0,PENDING,USA
11066,C010,Yuki Tanaka,yuki.tanaka@example.com,2026-03-07,P1002,Wireless Mouse,1,25.5,COMPLETED,India
11067,C011,Maria Santos,maria.santos@example.com,2026-03-08,P1003,USB-C Hub,2,40.49,CANCELLED,UK
11068,C012,Omar Farouk,omar.farouk@example.com,2026-03-09,P1004,Monitor,3,221.0,RETURNED,Germany
11069,C001,John Smith,john@example.com,2026-03-10,P1005,Keyboard,4,45.0,PENDING,Canada
11070,C002,Priya Sharma,priya.sharma@example.com,2026-03-11,P1006,Webcam,5,60.49,COMPLETED,Australia
11071,C003,Carlos Rivera,carlos.rivera@example.com,2026-03-12,P1007,Headphones,1,90.0,CANCELLED,Japan
11072,C004,Amina Hassan,amina.hassan@example.com,2026-03-13,P1008,Desk Chair,2,175.0,RETURNED,Brazil
11073,C005,Wei Chen,wei.chen@example.com,2026-03-14,P1001,Laptop,3,750.5,PENDING,USA
11074,C006,Emma Wilson,emma.wilson@example.com,2026-03-15,P1002,Wireless Mouse,4,26.5,COMPLETED,India
11075,C007,Noah Patel,noah.patel@example.com,2026-03-16,P1003,USB-C Hub,5,39.99,CANCELLED,UK
11076,C008,Sofia Rossi,sofia.rossi@example.com,2026-03-17,P1004,Monitor,1,220.5,RETURNED,Germany
11077,C009,Liam O'Brien,liam.obrien@example.com,2026-03-18,P1005,Keyboard,2,46.0,PENDING,Canada
11078,C010,Yuki Tanaka,yuki.tanaka@example.com,2026-03-19,P1006,Webcam,3,59.99,COMPLETED,Australia
11079,C011,Maria Santos,maria.santos@example.com,2026-03-20,P1007,Headphones,4,89.5,CANCELLED,Japan
11080,C012,Omar Farouk,omar.farouk@example.com,2026-03-21,P1008,Desk Chair,5,176.0,RETURNED,Brazil
11081,C001,John Smith,john@example.com,2026-03-22,P1001,Laptop,1,750.0,PENDING,USA
11082,C002,Priya Sharma,priya.sharma@example.com,2026-03-23,P1002,Wireless Mouse,2,26.0,COMPLETED,India
11083,C003,Carlos Rivera,carlos.rivera@example.com,2026-03-24,P1003,USB-C Hub,3,40.99,CANCELLED,UK
11084,C004,Amina Hassan,amina.hassan@example.com,2026-03-25,P1004,Monitor,4,220.0,RETURNED,Germany
11085,C005,Wei Chen,wei.chen@example.com,2026-03-26,P1005,Keyboard,5,45.5,PENDING,Canada
11086,C006,Emma Wilson,emma.wilson@example.com,2026-03-27,P1006,Webcam,1,60.99,COMPLETED,Australia
11087,C007,Noah Patel,noah.patel@example.com,2026-03-28,P1007,Headphones,2,89.0,CANCELLED,Japan
11088,C008,Sofia Rossi,sofia.rossi@example.com,2026-03-29,P1008,Desk Chair,3,175.5,RETURNED,Brazil
11089,C009,Liam O'Brien,liam.obrien@example.com,2026-03-30,P1001,Laptop,4,751.0,PENDING,USA
11090,C010,Yuki Tanaka,yuki.tanaka@example.com,2026-03-31,P1002,Wireless Mouse,5,25.5,COMPLETED,India
11091,C011,Maria Santos,maria.santos@example.com,2026-04-01,P1003,USB-C Hub,1,40.49,CANCELLED,UK
11092,C012,Omar Farouk,omar.farouk@example.com,2026-04-02,P1004,Monitor,2,221.0,RETURNED,Germany
11093,C001,John Smith,john@example.com,2026-04-03,P1005,Keyboard,3,45.0,PENDING,Canada
11094,C002,Priya Sharma,priya.sharma@example.com,2026-04-04,P1006,Webcam,4,60.49,COMPLETED,Australia
11095,C003,Carlos Rivera,carlos.rivera@example.com,2026-04-05,P1007,Headphones,5,90.0,CANCELLED,Japan
11096,C004,Amina Hassan,amina.hassan@example.com,2026-04-06,P1008,Desk Chair,1,175.0,RETURNED,Brazil
11097,C005,Wei Chen,wei.chen@example.com,2026-04-07,P1001,Laptop,2,750.5,PENDING,USA
11098,C006,Emma Wilson,emma.wilson@example.com,2026-04-08,P1002,Wireless Mouse,3,26.5,COMPLETED,India
11099,C007,Noah Patel,noah.patel@example.com,2026-04-09,P1003,USB-C Hub,4,39.99,CANCELLED,UK
11100,C008,Sofia Rossi,sofia.rossi@example.com,2026-04-10,P1004,Monitor,5,220.5,RETURNED,Germany
11101,C009,Liam O'Brien,liam.obrien@example.com,2026-04-11,P1005,Keyboard,1,46.0,PENDING,Canada
11102,C010,Yuki Tanaka,yuki.tanaka@example.com,2026-04-12,P1006,Webcam,2,59.99,COMPLETED,Australia
11103,C011,Maria Santos,maria.santos@example.com,2026-04-13,P1007,Headphones,3,89.5,CANCELLED,Japan
11104,C012,Omar Farouk,omar.farouk@example.com,2026-04-14,P1008,Desk Chair,4,176.0,RETURNED,Brazil
11105,C001,John Smith,john@example.com,2026-04-15,P1001,Laptop,5,750.0,PENDING,USA
11106,C002,Priya Sharma,priya.sharma@example.com,2026-04-16,P1002,Wireless Mouse,1,26.0,COMPLETED,India
11107,C003,Carlos Rivera,carlos.rivera@example.com,2026-04-17,P1003,USB-C Hub,2,40.99,CANCELLED,UK
11108,C004,Amina Hassan,amina.hassan@example.com,2026-04-18,P1004,Monitor,3,220.0,RETURNED,Germany
11109,C005,Wei Chen,wei.chen@example.com,2026-04-19,P1005,Keyboard,4,45.5,PENDING,Canada
11110,C006,Emma Wilson,emma.wilson@example.com,2026-04-20,P1006,Webcam,5,60.99,COMPLETED,Australia
11111,C007,Noah Patel,noah.patel@example.com,2026-04-21,P1007,Headphones,1,89.0,CANCELLED,Japan
11112,C008,Sofia Rossi,sofia.rossi@example.com,2026-04-22,P1008,Desk Chair,2,175.5,RETURNED,Brazil
11113,C009,Liam O'Brien,liam.obrien@example.com,2026-04-23,P1001,Laptop,3,751.0,PENDING,USA
11114,C010,Yuki Tanaka,yuki.tanaka@example.com,2026-04-24,P1002,Wireless Mouse,4,25.5,COMPLETED,India
11115,C011,Maria Santos,maria.santos@example.com,2026-04-25,P1003,USB-C Hub,5,40.49,CANCELLED,UK
11116,C012,Omar Farouk,omar.farouk@example.com,2026-04-26,P1004,Monitor,1,221.0,RETURNED,Germany
11117,C001,John Smith,john@example.com,2026-04-27,P1005,Keyboard,2,45.0,PENDING,Canada
11118,C002,Priya Sharma,priya.sharma@example.com,2026-04-28,P1006,Webcam,3,60.49,COMPLETED,Australia
11119,C003,Carlos Rivera,carlos.rivera@example.com,2026-04-29,P1007,Headphones,4,90.0,CANCELLED,Japan
11120,C004,Amina Hassan,amina.hassan@example.com,2026-04-30,P1008,Desk Chair,5,175.0,RETURNED,Brazil
11121,C005,Wei Chen,wei.chen@example.com,2026-05-01,P1001,Laptop,1,750.5,PENDING,USA
11122,C006,Emma Wilson,emma.wilson@example.com,2026-05-02,P1002,Wireless Mouse,2,26.5,COMPLETED,India
11123,C007,Noah Patel,noah.patel@example.com,2026-05-03,P1003,USB-C Hub,3,39.99,CANCELLED,UK
11124,C008,Sofia Rossi,sofia.rossi@example.com,2026-05-04,P1004,Monitor,4,220.5,RETURNED,Germany
11125,C009,Liam O'Brien,liam.obrien@example.com,2026-05-05,P1005,Keyboard,5,46.0,PENDING,Canada
11126,C010,Yuki Tanaka,yuki.tanaka@example.com,2026-05-06,P1006,Webcam,1,59.99,COMPLETED,Australia
11127,C011,Maria Santos,maria.santos@example.com,2026-05-07,P1007,Headphones,2,89.5,CANCELLED,Japan
11128,C012,Omar Farouk,omar.farouk@example.com,2026-05-08,P1008,Desk Chair,3,176.0,RETURNED,Brazil
11129,C001,John Smith,john@example.com,2026-05-09,P1001,Laptop,4,750.0,PENDING,USA
11130,C002,Priya Sharma,priya.sharma@example.com,2026-05-10,P1002,Wireless Mouse,5,26.0,COMPLETED,India
11131,C003,Carlos Rivera,carlos.rivera@example.com,2026-05-11,P1003,USB-C Hub,1,40.99,CANCELLED,UK
11132,C004,Amina Hassan,amina.hassan@example.com,2026-05-12,P1004,Monitor,2,220.0,RETURNED,Germany
11133,C005,Wei Chen,wei.chen@example.com,2026-05-13,P1005,Keyboard,3,45.5,PENDING,Canada
11134,C006,Emma Wilson,emma.wilson@example.com,2026-05-14,P1006,Webcam,4,60.99,COMPLETED,Australia
11135,C007,Noah Patel,noah.patel@example.com,2026-05-15,P1007,Headphones,5,89.0,CANCELLED,Japan
11136,C008,Sofia Rossi,sofia.rossi@example.com,2026-05-16,P1008,Desk Chair,1,175.5,RETURNED,Brazil
11137,C009,Liam O'Brien,liam.obrien@example.com,2026-05-17,P1001,Laptop,2,751.0,PENDING,USA
11138,C010,Yuki Tanaka,yuki.tanaka@example.com,2026-05-18,P1002,Wireless Mouse,3,25.5,COMPLETED,India
11139,C011,Maria Santos,maria.santos@example.com,2026-05-19,P1003,USB-C Hub,4,40.49,CANCELLED,UK
11140,C012,Omar Farouk,omar.farouk@example.com,2026-05-20,P1004,Monitor,5,221.0,RETURNED,Germany
11141,C001,John Smith,john@example.com,2026-05-21,P1005,Keyboard,1,45.0,PENDING,Canada
11142,C002,Priya Sharma,priya.sharma@example.com,2026-05-22,P1006,Webcam,2,60.49,COMPLETED,Australia
11143,C003,Carlos Rivera,carlos.rivera@example.com,2026-05-23,P1007,Headphones,3,90.0,CANCELLED,Japan
11144,C004,Amina Hassan,amina.hassan@example.com,2026-05-24,P1008,Desk Chair,4,175.0,RETURNED,Brazil
11145,C005,Wei Chen,wei.chen@example.com,2026-05-25,P1001,Laptop,5,750.5,PENDING,USA
11146,C006,Emma Wilson,emma.wilson@example.com,2026-05-26,P1002,Wireless Mouse,1,26.5,COMPLETED,India
11147,C007,Noah Patel,noah.patel@example.com,2026-05-27,P1003,USB-C Hub,2,39.99,CANCELLED,UK
11148,C008,Sofia Rossi,sofia.rossi@example.com,2026-05-28,P1004,Monitor,3,220.5,RETURNED,Germany
11149,C009,Liam O'Brien,liam.obrien@example.com,2026-05-29,P1005,Keyboard,4,46.0,PENDING,Canada
11150,C010,Yuki Tanaka,yuki.tanaka@example.com,2026-05-30,P1006,Webcam,5,59.99,COMPLETED,Australia
11151,C011,Maria Santos,maria.santos@example.com,2026-05-31,P1007,Headphones,1,89.5,CANCELLED,Japan
11152,C012,Omar Farouk,omar.farouk@example.com,2026-06-01,P1008,Desk Chair,2,176.0,RETURNED,Brazil
11153,C001,John Smith,john@example.com,2026-06-02,P1001,Laptop,3,750.0,PENDING,USA
11154,C002,Priya Sharma,priya.sharma@example.com,2026-06-03,P1002,Wireless Mouse,4,26.0,COMPLETED,India
11155,C003,Carlos Rivera,carlos.rivera@example.com,2026-06-04,P1003,USB-C Hub,5,40.99,CANCELLED,UK
11156,C004,Amina Hassan,amina.hassan@example.com,2026-06-05,P1004,Monitor,1,220.0,RETURNED,Germany
11157,C005,Wei Chen,wei.chen@example.com,2026-06-06,P1005,Keyboard,2,45.5,PENDING,Canada
11158,C006,Emma Wilson,emma.wilson@example.com,2026-06-07,P1006,Webcam,3,60.99,COMPLETED,Australia
11159,C007,Noah Patel,noah.patel@example.com,2026-06-08,P1007,Headphones,4,89.0,CANCELLED,Japan
11160,C008,Sofia Rossi,sofia.rossi@example.com,2026-06-09,P1008,Desk Chair,5,175.5,RETURNED,Brazil
11161,C009,Liam O'Brien,liam.obrien@example.com,2026-06-10,P1001,Laptop,1,751.0,PENDING,USA
11162,C010,Yuki Tanaka,yuki.tanaka@example.com,2026-06-11,P1002,Wireless Mouse,2,25.5,COMPLETED,India
11163,C011,Maria Santos,maria.santos@example.com,2026-06-12,P1003,USB-C Hub,3,40.49,CANCELLED,UK
11164,C012,Omar Farouk,omar.farouk@example.com,2026-06-13,P1004,Monitor,4,221.0,RETURNED,Germany
11165,C001,John Smith,john@example.com,2026-06-14,P1005,Keyboard,5,45.0,PENDING,Canada
11166,C002,Priya Sharma,priya.sharma@example.com,2026-06-15,P1006,Webcam,1,60.49,COMPLETED,Australia
11167,C003,Carlos Rivera,carlos.rivera@example.com,2026-06-16,P1007,Headphones,2,90.0,CANCELLED,Japan
11168,C004,Amina Hassan,amina.hassan@example.com,2026-06-17,P1008,Desk Chair,3,175.0,RETURNED,Brazil
11169,C005,Wei Chen,wei.chen@example.com,2026-06-18,P1001,Laptop,4,750.5,PENDING,USA
11170,C006,Emma Wilson,emma.wilson@example.com,2026-06-19,P1002,Wireless Mouse,5,26.5,COMPLETED,India
11171,C007,Noah Patel,noah.patel@example.com,2026-06-20,P1003,USB-C Hub,1,39.99,CANCELLED,UK
11172,C008,Sofia Rossi,sofia.rossi@example.com,2026-06-21,P1004,Monitor,2,220.5,RETURNED,Germany
11173,C009,Liam O'Brien,liam.obrien@example.com,2026-06-22,P1005,Keyboard,3,46.0,PENDING,Canada
11174,C010,Yuki Tanaka,yuki.tanaka@example.com,2026-06-23,P1006,Webcam,4,59.99,COMPLETED,Australia
11175,C011,Maria Santos,maria.santos@example.com,2026-06-24,P1007,Headphones,5,89.5,CANCELLED,Japan
11176,C012,Omar Farouk,omar.farouk@example.com,2026-06-25,P1008,Desk Chair,1,176.0,RETURNED,Brazil
11177,C001,John Smith,john@example.com,2026-06-26,P1001,Laptop,2,750.0,PENDING,USA
11178,C002,Priya Sharma,priya.sharma@example.com,2026-06-27,P1002,Wireless Mouse,3,26.0,COMPLETED,India
11179,C003,Carlos Rivera,carlos.rivera@example.com,2026-06-28,P1003,USB-C Hub,4,40.99,CANCELLED,UK
11180,C004,Amina Hassan,amina.hassan@example.com,2026-06-29,P1004,Monitor,5,220.0,RETURNED,Germany
11181,C005,Wei Chen,wei.chen@example.com,2026-06-30,P1005,Keyboard,1,45.5,PENDING,Canada
11182,C006,Emma Wilson,emma.wilson@example.com,2026-07-01,P1006,Webcam,2,60.99,COMPLETED,Australia
11183,C007,Noah Patel,noah.patel@example.com,2026-07-02,P1007,Headphones,3,89.0,CANCELLED,Japan
11184,C008,Sofia Rossi,sofia.rossi@example.com,2026-07-03,P1008,Desk Chair,4,175.5,RETURNED,Brazil
11185,C009,Liam O'Brien,liam.obrien@example.com,2026-07-04,P1001,Laptop,5,751.0,PENDING,USA
11186,C010,Yuki Tanaka,yuki.tanaka@example.com,2026-07-05,P1002,Wireless Mouse,1,25.5,COMPLETED,India
11187,C011,Maria Santos,maria.santos@example.com,2026-07-06,P1003,USB-C Hub,2,40.49,CANCELLED,UK
11188,C012,Omar Farouk,omar.farouk@example.com,2026-07-07,P1004,Monitor,3,221.0,RETURNED,Germany
11189,C001,John Smith,john@example.com,2026-07-08,P1005,Keyboard,4,45.0,PENDING,Canada
11190,C002,Priya Sharma,priya.sharma@example.com,2026-07-09,P1006,Webcam,5,60.49,COMPLETED,Australia
11191,C003,Carlos Rivera,carlos.rivera@example.com,2026-07-10,P1007,Headphones,1,90.0,CANCELLED,Japan
11192,C004,Amina Hassan,amina.hassan@example.com,2026-07-11,P1008,Desk Chair,2,175.0,RETURNED,Brazil
11193,C005,Wei Chen,wei.chen@example.com,2026-07-12,P1001,Laptop,3,750.5,PENDING,USA
11194,C006,Emma Wilson,emma.wilson@example.com,2026-07-13,P1002,Wireless Mouse,4,26.5,COMPLETED,India
11195,C007,Noah Patel,noah.patel@example.com,2026-07-14,P1003,USB-C Hub,5,39.99,CANCELLED,UK
11196,C008,Sofia Rossi,sofia.rossi@example.com,2026-07-15,P1004,Monitor,1,220.5,RETURNED,Germany
11197,C009,Liam O'Brien,liam.obrien@example.com,2026-07-16,P1005,Keyboard,2,46.0,PENDING,Canada
11198,C010,Yuki Tanaka,yuki.tanaka@example.com,2026-07-17,P1006,Webcam,3,59.99,COMPLETED,Australia
11199,C011,Maria Santos,maria.santos@example.com,2026-07-18,P1007,Headphones,4,89.5,CANCELLED,Japan
11200,C012,Omar Farouk,omar.farouk@example.com,2026-07-19,P1008,Desk Chair,5,176.0,RETURNED,Brazil
11201,C001,John Smith,john@example.com,2026-01-01,P1001,Laptop,1,750.0,PENDING,USA
11202,C002,Priya Sharma,priya.sharma@example.com,2026-01-02,P1002,Wireless Mouse,2,26.0,COMPLETED,India
11203,C003,Carlos Rivera,carlos.rivera@example.com,2026-01-03,P1003,USB-C Hub,3,40.99,CANCELLED,UK
11204,C004,Amina Hassan,amina.hassan@example.com,2026-01-04,P1004,Monitor,4,220.0,RETURNED,Germany
11205,C005,Wei Chen,wei.chen@example.com,2026-01-05,P1005,Keyboard,5,45.5,PENDING,Canada
11206,C006,Emma Wilson,emma.wilson@example.com,2026-01-06,P1006,Webcam,1,60.99,COMPLETED,Australia
11207,C007,Noah Patel,noah.patel@example.com,2026-01-07,P1007,Headphones,2,89.0,CANCELLED,Japan
11208,C008,Sofia Rossi,sofia.rossi@example.com,2026-01-08,P1008,Desk Chair,3,175.5,RETURNED,Brazil
11209,C009,Liam O'Brien,liam.obrien@example.com,2026-01-09,P1001,Laptop,4,751.0,PENDING,USA
11210,C010,Yuki Tanaka,yuki.tanaka@example.com,2026-01-10,P1002,Wireless Mouse,5,25.5,COMPLETED,India
11211,C011,Maria Santos,maria.santos@example.com,2026-01-11,P1003,USB-C Hub,1,40.49,CANCELLED,UK
11212,C012,Omar Farouk,omar.farouk@example.com,2026-01-12,P1004,Monitor,2,221.0,RETURNED,Germany
11213,C001,John Smith,john@example.com,2026-01-13,P1005,Keyboard,3,45.0,PENDING,Canada
11214,C002,Priya Sharma,priya.sharma@example.com,2026-01-14,P1006,Webcam,4,60.49,COMPLETED,Australia
11215,C003,Carlos Rivera,carlos.rivera@example.com,2026-01-15,P1007,Headphones,5,90.0,CANCELLED,Japan
11216,C004,Amina Hassan,amina.hassan@example.com,2026-01-16,P1008,Desk Chair,1,175.0,RETURNED,Brazil
11217,C005,Wei Chen,wei.chen@example.com,2026-01-17,P1001,Laptop,2,750.5,PENDING,USA
11218,C006,Emma Wilson,emma.wilson@example.com,2026-01-18,P1002,Wireless Mouse,3,26.5,COMPLETED,India
11219,C007,Noah Patel,noah.patel@example.com,2026-01-19,P1003,USB-C Hub,4,39.99,CANCELLED,UK
11220,C008,Sofia Rossi,sofia.rossi@example.com,2026-01-20,P1004,Monitor,5,220.5,RETURNED,Germany
11221,C009,Liam O'Brien,liam.obrien@example.com,2026-01-21,P1005,Keyboard,1,46.0,PENDING,Canada
11222,C010,Yuki Tanaka,yuki.tanaka@example.com,2026-01-22,P1006,Webcam,2,59.99,COMPLETED,Australia
11223,C011,Maria Santos,maria.santos@example.com,2026-01-23,P1007,Headphones,3,89.5,CANCELLED,Japan
11224,C012,Omar Farouk,omar.farouk@example.com,2026-01-24,P1008,Desk Chair,4,176.0,RETURNED,Brazil
11225,C001,John Smith,john@example.com,2026-01-25,P1001,Laptop,5,750.0,PENDING,USA
11226,C002,Priya Sharma,priya.sharma@example.com,2026-01-26,P1002,Wireless Mouse,1,26.0,COMPLETED,India
11227,C003,Carlos Rivera,carlos.rivera@example.com,2026-01-27,P1003,USB-C Hub,2,40.99,CANCELLED,UK
11228,C004,Amina Hassan,amina.hassan@example.com,2026-01-28,P1004,Monitor,3,220.0,RETURNED,Germany
11229,C005,Wei Chen,wei.chen@example.com,2026-01-29,P1005,Keyboard,4,45.5,PENDING,Canada
11230,C006,Emma Wilson,emma.wilson@example.com,2026-01-30,P1006,Webcam,5,60.99,COMPLETED,Australia
11231,C007,Noah Patel,noah.patel@example.com,2026-01-31,P1007,Headphones,1,89.0,CANCELLED,Japan
11232,C008,Sofia Rossi,sofia.rossi@example.com,2026-02-01,P1008,Desk Chair,2,175.5,RETURNED,Brazil
11233,C009,Liam O'Brien,liam.obrien@example.com,2026-02-02,P1001,Laptop,3,751.0,PENDING,USA
11234,C010,Yuki Tanaka,yuki.tanaka@example.com,2026-02-03,P1002,Wireless Mouse,4,25.5,COMPLETED,India
11235,C011,Maria Santos,maria.santos@example.com,2026-02-04,P1003,USB-C Hub,5,40.49,CANCELLED,UK
11236,C012,Omar Farouk,omar.farouk@example.com,2026-02-05,P1004,Monitor,1,221.0,RETURNED,Germany
11237,C001,John Smith,john@example.com,2026-02-06,P1005,Keyboard,2,45.0,PENDING,Canada
11238,C002,Priya Sharma,priya.sharma@example.com,2026-02-07,P1006,Webcam,3,60.49,COMPLETED,Australia
11239,C003,Carlos Rivera,carlos.rivera@example.com,2026-02-08,P1007,Headphones,4,90.0,CANCELLED,Japan
11240,C004,Amina Hassan,amina.hassan@example.com,2026-02-09,P1008,Desk Chair,5,175.0,RETURNED,Brazil
11241,C005,Wei Chen,wei.chen@example.com,2026-02-10,P1001,Laptop,1,750.5,PENDING,USA
11242,C006,Emma Wilson,emma.wilson@example.com,2026-02-11,P1002,Wireless Mouse,2,26.5,COMPLETED,India
11243,C007,Noah Patel,noah.patel@example.com,2026-02-12,P1003,USB-C Hub,3,39.99,CANCELLED,UK
11244,C008,Sofia Rossi,sofia.rossi@example.com,2026-02-13,P1004,Monitor,4,220.5,RETURNED,Germany
11245,C009,Liam O'Brien,liam.obrien@example.com,2026-02-14,P1005,Keyboard,5,46.0,PENDING,Canada
11246,C010,Yuki Tanaka,yuki.tanaka@example.com,2026-02-15,P1006,Webcam,1,59.99,COMPLETED,Australia
11247,C011,Maria Santos,maria.santos@example.com,2026-02-16,P1007,Headphones,2,89.5,CANCELLED,Japan
11248,C012,Omar Farouk,omar.farouk@example.com,2026-02-17,P1008,Desk Chair,3,176.0,RETURNED,Brazil
11249,C001,John Smith,john@example.com,2026-02-18,P1001,Laptop,4,750.0,PENDING,USA
11250,C002,Priya Sharma,priya.sharma@example.com,2026-02-19,P1002,Wireless Mouse,5,26.0,COMPLETED,India
11251,C003,Carlos Rivera,carlos.rivera@example.com,2026-02-20,P1003,USB-C Hub,1,40.99,CANCELLED,UK
11252,C004,Amina Hassan,amina.hassan@example.com,2026-02-21,P1004,Monitor,2,220.0,RETURNED,Germany
11253,C005,Wei Chen,wei.chen@example.com,2026-02-22,P1005,Keyboard,3,45.5,PENDING,Canada
11254,C006,Emma Wilson,emma.wilson@example.com,2026-02-23,P1006,Webcam,4,60.99,COMPLETED,Australia
11255,C007,Noah Patel,noah.patel@example.com,2026-02-24,P1007,Headphones,5,89.0,CANCELLED,Japan
11256,C008,Sofia Rossi,sofia.rossi@example.com,2026-02-25,P1008,Desk Chair,1,175.5,RETURNED,Brazil
11257,C009,Liam O'Brien,liam.obrien@example.com,2026-02-26,P1001,Laptop,2,751.0,PENDING,USA
11258,C010,Yuki Tanaka,yuki.tanaka@example.com,2026-02-27,P1002,Wireless Mouse,3,25.5,COMPLETED,India
11259,C011,Maria Santos,maria.santos@example.com,2026-02-28,P1003,USB-C Hub,4,40.49,CANCELLED,UK
11260,C012,Omar Farouk,omar.farouk@example.com,2026-03-01,P1004,Monitor,5,221.0,RETURNED,Germany
11261,C001,John Smith,john@example.com,2026-03-02,P1005,Keyboard,1,45.0,PENDING,Canada
11262,C002,Priya Sharma,priya.sharma@example.com,2026-03-03,P1006,Webcam,2,60.49,COMPLETED,Australia
11263,C003,Carlos Rivera,carlos.rivera@example.com,2026-03-04,P1007,Headphones,3,90.0,CANCELLED,Japan
11264,C004,Amina Hassan,amina.hassan@example.com,2026-03-05,P1008,Desk Chair,4,175.0,RETURNED,Brazil
11265,C005,Wei Chen,wei.chen@example.com,2026-03-06,P1001,Laptop,5,750.5,PENDING,USA
11266,C006,Emma Wilson,emma.wilson@example.com,2026-03-07,P1002,Wireless Mouse,1,26.5,COMPLETED,India
11267,C007,Noah Patel,noah.patel@example.com,2026-03-08,P1003,USB-C Hub,2,39.99,CANCELLED,UK
11268,C008,Sofia Rossi,sofia.rossi@example.com,2026-03-09,P1004,Monitor,3,220.5,RETURNED,Germany
11269,C009,Liam O'Brien,liam.obrien@example.com,2026-03-10,P1005,Keyboard,4,46.0,PENDING,Canada
11270,C010,Yuki Tanaka,yuki.tanaka@example.com,2026-03-11,P1006,Webcam,5,59.99,COMPLETED,Australia
11271,C011,Maria Santos,maria.santos@example.com,2026-03-12,P1007,Headphones,1,89.5,CANCELLED,Japan
11272,C012,Omar Farouk,omar.farouk@example.com,2026-03-13,P1008,Desk Chair,2,176.0,RETURNED,Brazil
11273,C001,John Smith,john@example.com,2026-03-14,P1001,Laptop,3,750.0,PENDING,USA
11274,C002,Priya Sharma,priya.sharma@example.com,2026-03-15,P1002,Wireless Mouse,4,26.0,COMPLETED,India
11275,C003,Carlos Rivera,carlos.rivera@example.com,2026-03-16,P1003,USB-C Hub,5,40.99,CANCELLED,UK
11276,C004,Amina Hassan,amina.hassan@example.com,2026-03-17,P1004,Monitor,1,220.0,RETURNED,Germany
11277,C005,Wei Chen,wei.chen@example.com,2026-03-18,P1005,Keyboard,2,45.5,PENDING,Canada
11278,C006,Emma Wilson,emma.wilson@example.com,2026-03-19,P1006,Webcam,3,60.99,COMPLETED,Australia
11279,C007,Noah Patel,noah.patel@example.com,2026-03-20,P1007,Headphones,4,89.0,CANCELLED,Japan
11280,C008,Sofia Rossi,sofia.rossi@example.com,2026-03-21,P1008,Desk Chair,5,175.5,RETURNED,Brazil
11281,C009,Liam O'Brien,liam.obrien@example.com,2026-03-22,P1001,Laptop,1,751.0,PENDING,USA
11282,C010,Yuki Tanaka,yuki.tanaka@example.com,2026-03-23,P1002,Wireless Mouse,2,25.5,COMPLETED,India
11283,C011,Maria Santos,maria.santos@example.com,2026-03-24,P1003,USB-C Hub,3,40.49,CANCELLED,UK
11284,C012,Omar Farouk,omar.farouk@example.com,2026-03-25,P1004,Monitor,4,221.0,RETURNED,Germany
11285,C001,John Smith,john@example.com,2026-03-26,P1005,Keyboard,5,45.0,PENDING,Canada
11286,C002,Priya Sharma,priya.sharma@example.com,2026-03-27,P1006,Webcam,1,60.49,COMPLETED,Australia
11287,C003,Carlos Rivera,carlos.rivera@example.com,2026-03-28,P1007,Headphones,2,90.0,CANCELLED,Japan
11288,C004,Amina Hassan,amina.hassan@example.com,2026-03-29,P1008,Desk Chair,3,175.0,RETURNED,Brazil
11289,C005,Wei Chen,wei.chen@example.com,2026-03-30,P1001,Laptop,4,750.5,PENDING,USA
11290,C006,Emma Wilson,emma.wilson@example.com,2026-03-31,P1002,Wireless Mouse,5,26.5,COMPLETED,India
11291,C007,Noah Patel,noah.patel@example.com,2026-04-01,P1003,USB-C Hub,1,39.99,CANCELLED,UK
11292,C008,Sofia Rossi,sofia.rossi@example.com,2026-04-02,P1004,Monitor,2,220.5,RETURNED,Germany
11293,C009,Liam O'Brien,liam.obrien@example.com,2026-04-03,P1005,Keyboard,3,46.0,PENDING,Canada
11294,C010,Yuki Tanaka,yuki.tanaka@example.com,2026-04-04,P1006,Webcam,4,59.99,COMPLETED,Australia
11295,C011,Maria Santos,maria.santos@example.com,2026-04-05,P1007,Headphones,5,89.5,CANCELLED,Japan
11296,C012,Omar Farouk,omar.farouk@example.com,2026-04-06,P1008,Desk Chair,1,176.0,RETURNED,Brazil
11297,C001,John Smith,john@example.com,2026-04-07,P1001,Laptop,2,750.0,PENDING,USA
11298,C002,Priya Sharma,priya.sharma@example.com,2026-04-08,P1002,Wireless Mouse,3,26.0,COMPLETED,India
11299,C003,Carlos Rivera,carlos.rivera@example.com,2026-04-09,P1003,USB-C Hub,4,40.99,CANCELLED,UK
11300,C004,Amina Hassan,amina.hassan@example.com,2026-04-10,P1004,Monitor,5,220.0,RETURNED,Germany
11301,C005,Wei Chen,wei.chen@example.com,2026-04-11,P1005,Keyboard,1,45.5,PENDING,Canada
11302,C006,Emma Wilson,emma.wilson@example.com,2026-04-12,P1006,Webcam,2,60.99,COMPLETED,Australia
11303,C007,Noah Patel,noah.patel@example.com,2026-04-13,P1007,Headphones,3,89.0,CANCELLED,Japan
11304,C008,Sofia Rossi,sofia.rossi@example.com,2026-04-14,P1008,Desk Chair,4,175.5,RETURNED,Brazil
11305,C009,Liam O'Brien,liam.obrien@example.com,2026-04-15,P1001,Laptop,5,751.0,PENDING,USA
11306,C010,Yuki Tanaka,yuki.tanaka@example.com,2026-04-16,P1002,Wireless Mouse,1,25.5,COMPLETED,India
11307,C011,Maria Santos,maria.santos@example.com,2026-04-17,P1003,USB-C Hub,2,40.49,CANCELLED,UK
11308,C012,Omar Farouk,omar.farouk@example.com,2026-04-18,P1004,Monitor,3,221.0,RETURNED,Germany
11309,C001,John Smith,john@example.com,2026-04-19,P1005,Keyboard,4,45.0,PENDING,Canada
11310,C002,Priya Sharma,priya.sharma@example.com,2026-04-20,P1006,Webcam,5,60.49,COMPLETED,Australia
11311,C003,Carlos Rivera,carlos.rivera@example.com,2026-04-21,P1007,Headphones,1,90.0,CANCELLED,Japan
11312,C004,Amina Hassan,amina.hassan@example.com,2026-04-22,P1008,Desk Chair,2,175.0,RETURNED,Brazil
11313,C005,Wei Chen,wei.chen@example.com,2026-04-23,P1001,Laptop,3,750.5,PENDING,USA
11314,C006,Emma Wilson,emma.wilson@example.com,2026-04-24,P1002,Wireless Mouse,4,26.5,COMPLETED,India
11315,C007,Noah Patel,noah.patel@example.com,2026-04-25,P1003,USB-C Hub,5,39.99,CANCELLED,UK
11316,C008,Sofia Rossi,sofia.rossi@example.com,2026-04-26,P1004,Monitor,1,220.5,RETURNED,Germany
11317,C009,Liam O'Brien,liam.obrien@example.com,2026-04-27,P1005,Keyboard,2,46.0,PENDING,Canada
11318,C010,Yuki Tanaka,yuki.tanaka@example.com,2026-04-28,P1006,Webcam,3,59.99,COMPLETED,Australia
11319,C011,Maria Santos,maria.santos@example.com,2026-04-29,P1007,Headphones,4,89.5,CANCELLED,Japan
11320,C012,Omar Farouk,omar.farouk@example.com,2026-04-30,P1008,Desk Chair,5,176.0,RETURNED,Brazil
11321,C001,John Smith,john@example.com,2026-05-01,P1001,Laptop,1,750.0,PENDING,USA
11322,C002,Priya Sharma,priya.sharma@example.com,2026-05-02,P1002,Wireless Mouse,2,26.0,COMPLETED,India
11323,C003,Carlos Rivera,carlos.rivera@example.com,2026-05-03,P1003,USB-C Hub,3,40.99,CANCELLED,UK
11324,C004,Amina Hassan,amina.hassan@example.com,2026-05-04,P1004,Monitor,4,220.0,RETURNED,Germany
11325,C005,Wei Chen,wei.chen@example.com,2026-05-05,P1005,Keyboard,5,45.5,PENDING,Canada
11326,C006,Emma Wilson,emma.wilson@example.com,2026-05-06,P1006,Webcam,1,60.99,COMPLETED,Australia
11327,C007,Noah Patel,noah.patel@example.com,2026-05-07,P1007,Headphones,2,89.0,CANCELLED,Japan
11328,C008,Sofia Rossi,sofia.rossi@example.com,2026-05-08,P1008,Desk Chair,3,175.5,RETURNED,Brazil
11329,C009,Liam O'Brien,liam.obrien@example.com,2026-05-09,P1001,Laptop,4,751.0,PENDING,USA
11330,C010,Yuki Tanaka,yuki.tanaka@example.com,2026-05-10,P1002,Wireless Mouse,5,25.5,COMPLETED,India
11331,C011,Maria Santos,maria.santos@example.com,2026-05-11,P1003,USB-C Hub,1,40.49,CANCELLED,UK
11332,C012,Omar Farouk,omar.farouk@example.com,2026-05-12,P1004,Monitor,2,221.0,RETURNED,Germany
11333,C001,John Smith,john@example.com,2026-05-13,P1005,Keyboard,3,45.0,PENDING,Canada
11334,C002,Priya Sharma,priya.sharma@example.com,2026-05-14,P1006,Webcam,4,60.49,COMPLETED,Australia
11335,C003,Carlos Rivera,carlos.rivera@example.com,2026-05-15,P1007,Headphones,5,90.0,CANCELLED,Japan
11336,C004,Amina Hassan,amina.hassan@example.com,2026-05-16,P1008,Desk Chair,1,175.0,RETURNED,Brazil
11337,C005,Wei Chen,wei.chen@example.com,2026-05-17,P1001,Laptop,2,750.5,PENDING,USA
11338,C006,Emma Wilson,emma.wilson@example.com,2026-05-18,P1002,Wireless Mouse,3,26.5,COMPLETED,India
11339,C007,Noah Patel,noah.patel@example.com,2026-05-19,P1003,USB-C Hub,4,39.99,CANCELLED,UK
11340,C008,Sofia Rossi,sofia.rossi@example.com,2026-05-20,P1004,Monitor,5,220.5,RETURNED,Germany
11341,C009,Liam O'Brien,liam.obrien@example.com,2026-05-21,P1005,Keyboard,1,46.0,PENDING,Canada
11342,C010,Yuki Tanaka,yuki.tanaka@example.com,2026-05-22,P1006,Webcam,2,59.99,COMPLETED,Australia
11343,C011,Maria Santos,maria.santos@example.com,2026-05-23,P1007,Headphones,3,89.5,CANCELLED,Japan
11344,C012,Omar Farouk,omar.farouk@example.com,2026-05-24,P1008,Desk Chair,4,176.0,RETURNED,Brazil
11345,C001,John Smith,john@example.com,2026-05-25,P1001,Laptop,5,750.0,PENDING,USA
11346,C002,Priya Sharma,priya.sharma@example.com,2026-05-26,P1002,Wireless Mouse,1,26.0,COMPLETED,India
11347,C003,Carlos Rivera,carlos.rivera@example.com,2026-05-27,P1003,USB-C Hub,2,40.99,CANCELLED,UK
11348,C004,Amina Hassan,amina.hassan@example.com,2026-05-28,P1004,Monitor,3,220.0,RETURNED,Germany
11349,C005,Wei Chen,wei.chen@example.com,2026-05-29,P1005,Keyboard,4,45.5,PENDING,Canada
11350,C006,Emma Wilson,emma.wilson@example.com,2026-05-30,P1006,Webcam,5,60.99,COMPLETED,Australia
11351,C007,Noah Patel,noah.patel@example.com,2026-05-31,P1007,Headphones,1,89.0,CANCELLED,Japan
11352,C008,Sofia Rossi,sofia.rossi@example.com,2026-06-01,P1008,Desk Chair,2,175.5,RETURNED,Brazil
11353,C009,Liam O'Brien,liam.obrien@example.com,2026-06-02,P1001,Laptop,3,751.0,PENDING,USA
11354,C010,Yuki Tanaka,yuki.tanaka@example.com,2026-06-03,P1002,Wireless Mouse,4,25.5,COMPLETED,India
11355,C011,Maria Santos,maria.santos@example.com,2026-06-04,P1003,USB-C Hub,5,40.49,CANCELLED,UK
11356,C012,Omar Farouk,omar.farouk@example.com,2026-06-05,P1004,Monitor,1,221.0,RETURNED,Germany
11357,C001,John Smith,john@example.com,2026-06-06,P1005,Keyboard,2,45.0,PENDING,Canada
11358,C002,Priya Sharma,priya.sharma@example.com,2026-06-07,P1006,Webcam,3,60.49,COMPLETED,Australia
11359,C003,Carlos Rivera,carlos.rivera@example.com,2026-06-08,P1007,Headphones,4,90.0,CANCELLED,Japan
11360,C004,Amina Hassan,amina.hassan@example.com,2026-06-09,P1008,Desk Chair,5,175.0,RETURNED,Brazil
11361,C005,Wei Chen,wei.chen@example.com,2026-06-10,P1001,Laptop,1,750.5,PENDING,USA
11362,C006,Emma Wilson,emma.wilson@example.com,2026-06-11,P1002,Wireless Mouse,2,26.5,COMPLETED,India
11363,C007,Noah Patel,noah.patel@example.com,2026-06-12,P1003,USB-C Hub,3,39.99,CANCELLED,UK
11364,C008,Sofia Rossi,sofia.rossi@example.com,2026-06-13,P1004,Monitor,4,220.5,RETURNED,Germany
11365,C009,Liam O'Brien,liam.obrien@example.com,2026-06-14,P1005,Keyboard,5,46.0,PENDING,Canada
11366,C010,Yuki Tanaka,yuki.tanaka@example.com,2026-06-15,P1006,Webcam,1,59.99,COMPLETED,Australia
11367,C011,Maria Santos,maria.santos@example.com,2026-06-16,P1007,Headphones,2,89.5,CANCELLED,Japan
11368,C012,Omar Farouk,omar.farouk@example.com,2026-06-17,P1008,Desk Chair,3,176.0,RETURNED,Brazil
11369,C001,John Smith,john@example.com,2026-06-18,P1001,Laptop,4,750.0,PENDING,USA
11370,C002,Priya Sharma,priya.sharma@example.com,2026-06-19,P1002,Wireless Mouse,5,26.0,COMPLETED,India
11371,C003,Carlos Rivera,carlos.rivera@example.com,2026-06-20,P1003,USB-C Hub,1,40.99,CANCELLED,UK
11372,C004,Amina Hassan,amina.hassan@example.com,2026-06-21,P1004,Monitor,2,220.0,RETURNED,Germany
11373,C005,Wei Chen,wei.chen@example.com,2026-06-22,P1005,Keyboard,3,45.5,PENDING,Canada
11374,C006,Emma Wilson,emma.wilson@example.com,2026-06-23,P1006,Webcam,4,60.99,COMPLETED,Australia
11375,C007,Noah Patel,noah.patel@example.com,2026-06-24,P1007,Headphones,5,89.0,CANCELLED,Japan
11376,C008,Sofia Rossi,sofia.rossi@example.com,2026-06-25,P1008,Desk Chair,1,175.5,RETURNED,Brazil
11377,C009,Liam O'Brien,liam.obrien@example.com,2026-06-26,P1001,Laptop,2,751.0,PENDING,USA
11378,C010,Yuki Tanaka,yuki.tanaka@example.com,2026-06-27,P1002,Wireless Mouse,3,25.5,COMPLETED,India
11379,C011,Maria Santos,maria.santos@example.com,2026-06-28,P1003,USB-C Hub,4,40.49,CANCELLED,UK
11380,C012,Omar Farouk,omar.farouk@example.com,2026-06-29,P1004,Monitor,5,221.0,RETURNED,Germany
11381,C001,John Smith,john@example.com,2026-06-30,P1005,Keyboard,1,45.0,PENDING,Canada
11382,C002,Priya Sharma,priya.sharma@example.com,2026-07-01,P1006,Webcam,2,60.49,COMPLETED,Australia
11383,C003,Carlos Rivera,carlos.rivera@example.com,2026-07-02,P1007,Headphones,3,90.0,CANCELLED,Japan
11384,C004,Amina Hassan,amina.hassan@example.com,2026-07-03,P1008,Desk Chair,4,175.0,RETURNED,Brazil
11385,C005,Wei Chen,wei.chen@example.com,2026-07-04,P1001,Laptop,5,750.5,PENDING,USA
11386,C006,Emma Wilson,emma.wilson@example.com,2026-07-05,P1002,Wireless Mouse,1,26.5,COMPLETED,India
11387,C007,Noah Patel,noah.patel@example.com,2026-07-06,P1003,USB-C Hub,2,39.99,CANCELLED,UK
11388,C008,Sofia Rossi,sofia.rossi@example.com,2026-07-07,P1004,Monitor,3,220.5,RETURNED,Germany
11389,C009,Liam O'Brien,liam.obrien@example.com,2026-07-08,P1005,Keyboard,4,46.0,PENDING,Canada
11390,C010,Yuki Tanaka,yuki.tanaka@example.com,2026-07-09,P1006,Webcam,5,59.99,COMPLETED,Australia
11391,C011,Maria Santos,maria.santos@example.com,2026-07-10,P1007,Headphones,1,89.5,CANCELLED,Japan
11392,C012,Omar Farouk,omar.farouk@example.com,2026-07-11,P1008,Desk Chair,2,176.0,RETURNED,Brazil
11393,C001,John Smith,john@example.com,2026-07-12,P1001,Laptop,3,750.0,PENDING,USA
11394,C002,Priya Sharma,priya.sharma@example.com,2026-07-13,P1002,Wireless Mouse,4,26.0,COMPLETED,India
11395,C003,Carlos Rivera,carlos.rivera@example.com,2026-07-14,P1003,USB-C Hub,5,40.99,CANCELLED,UK
11396,C004,Amina Hassan,amina.hassan@example.com,2026-07-15,P1004,Monitor,1,220.0,RETURNED,Germany
11397,C005,Wei Chen,wei.chen@example.com,2026-07-16,P1005,Keyboard,2,45.5,PENDING,Canada
11398,C006,Emma Wilson,emma.wilson@example.com,2026-07-17,P1006,Webcam,3,60.99,COMPLETED,Australia
11399,C007,Noah Patel,noah.patel@example.com,2026-07-18,P1007,Headphones,4,89.0,CANCELLED,Japan
11400,C008,Sofia Rossi,sofia.rossi@example.com,2026-07-19,P1008,Desk Chair,5,175.5,RETURNED,Brazil
11401,C009,Liam O'Brien,liam.obrien@example.com,2026-01-01,P1001,Laptop,1,751.0,PENDING,USA
11402,C010,Yuki Tanaka,yuki.tanaka@example.com,2026-01-02,P1002,Wireless Mouse,2,25.5,COMPLETED,India
11403,C011,Maria Santos,maria.santos@example.com,2026-01-03,P1003,USB-C Hub,3,40.49,CANCELLED,UK
11404,C012,Omar Farouk,omar.farouk@example.com,2026-01-04,P1004,Monitor,4,221.0,RETURNED,Germany
11405,C001,John Smith,john@example.com,2026-01-05,P1005,Keyboard,5,45.0,PENDING,Canada
11406,C002,Priya Sharma,priya.sharma@example.com,2026-01-06,P1006,Webcam,1,60.49,COMPLETED,Australia
11407,C003,Carlos Rivera,carlos.rivera@example.com,2026-01-07,P1007,Headphones,2,90.0,CANCELLED,Japan
11408,C004,Amina Hassan,amina.hassan@example.com,2026-01-08,P1008,Desk Chair,3,175.0,RETURNED,Brazil
11409,C005,Wei Chen,wei.chen@example.com,2026-01-09,P1001,Laptop,4,750.5,PENDING,USA
11410,C006,Emma Wilson,emma.wilson@example.com,2026-01-10,P1002,Wireless Mouse,5,26.5,COMPLETED,India
11411,C007,Noah Patel,noah.patel@example.com,2026-01-11,P1003,USB-C Hub,1,39.99,CANCELLED,UK
11412,C008,Sofia Rossi,sofia.rossi@example.com,2026-01-12,P1004,Monitor,2,220.5,RETURNED,Germany
11413,C009,Liam O'Brien,liam.obrien@example.com,2026-01-13,P1005,Keyboard,3,46.0,PENDING,Canada
11414,C010,Yuki Tanaka,yuki.tanaka@example.com,2026-01-14,P1006,Webcam,4,59.99,COMPLETED,Australia
11415,C011,Maria Santos,maria.santos@example.com,2026-01-15,P1007,Headphones,5,89.5,CANCELLED,Japan
11416,C012,Omar Farouk,omar.farouk@example.com,2026-01-16,P1008,Desk Chair,1,176.0,RETURNED,Brazil
11417,C001,John Smith,john@example.com,2026-01-17,P1001,Laptop,2,750.0,PENDING,USA
11418,C002,Priya Sharma,priya.sharma@example.com,2026-01-18,P1002,Wireless Mouse,3,26.0,COMPLETED,India
11419,C003,Carlos Rivera,carlos.rivera@example.com,2026-01-19,P1003,USB-C Hub,4,40.99,CANCELLED,UK
11420,C004,Amina Hassan,amina.hassan@example.com,2026-01-20,P1004,Monitor,5,220.0,RETURNED,Germany
11421,C005,Wei Chen,wei.chen@example.com,2026-01-21,P1005,Keyboard,1,45.5,PENDING,Canada
11422,C006,Emma Wilson,emma.wilson@example.com,2026-01-22,P1006,Webcam,2,60.99,COMPLETED,Australia
11423,C007,Noah Patel,noah.patel@example.com,2026-01-23,P1007,Headphones,3,89.0,CANCELLED,Japan
11424,C008,Sofia Rossi,sofia.rossi@example.com,2026-01-24,P1008,Desk Chair,4,175.5,RETURNED,Brazil
11425,C009,Liam O'Brien,liam.obrien@example.com,2026-01-25,P1001,Laptop,5,751.0,PENDING,USA
11426,C010,Yuki Tanaka,yuki.tanaka@example.com,2026-01-26,P1002,Wireless Mouse,1,25.5,COMPLETED,India
11427,C011,Maria Santos,maria.santos@example.com,2026-01-27,P1003,USB-C Hub,2,40.49,CANCELLED,UK
11428,C012,Omar Farouk,omar.farouk@example.com,2026-01-28,P1004,Monitor,3,221.0,RETURNED,Germany
11429,C001,John Smith,john@example.com,2026-01-29,P1005,Keyboard,4,45.0,PENDING,Canada
11430,C002,Priya Sharma,priya.sharma@example.com,2026-01-30,P1006,Webcam,5,60.49,COMPLETED,Australia
11431,C003,Carlos Rivera,carlos.rivera@example.com,2026-01-31,P1007,Headphones,1,90.0,CANCELLED,Japan
11432,C004,Amina Hassan,amina.hassan@example.com,2026-02-01,P1008,Desk Chair,2,175.0,RETURNED,Brazil
11433,C005,Wei Chen,wei.chen@example.com,2026-02-02,P1001,Laptop,3,750.5,PENDING,USA
11434,C006,Emma Wilson,emma.wilson@example.com,2026-02-03,P1002,Wireless Mouse,4,26.5,COMPLETED,India
11435,C007,Noah Patel,noah.patel@example.com,2026-02-04,P1003,USB-C Hub,5,39.99,CANCELLED,UK
11436,C008,Sofia Rossi,sofia.rossi@example.com,2026-02-05,P1004,Monitor,1,220.5,RETURNED,Germany
11437,C009,Liam O'Brien,liam.obrien@example.com,2026-02-06,P1005,Keyboard,2,46.0,PENDING,Canada
11438,C010,Yuki Tanaka,yuki.tanaka@example.com,2026-02-07,P1006,Webcam,3,59.99,COMPLETED,Australia
11439,C011,Maria Santos,maria.santos@example.com,2026-02-08,P1007,Headphones,4,89.5,CANCELLED,Japan
11440,C012,Omar Farouk,omar.farouk@example.com,2026-02-09,P1008,Desk Chair,5,176.0,RETURNED,Brazil
11441,C001,John Smith,john@example.com,2026-02-10,P1001,Laptop,1,750.0,PENDING,USA
11442,C002,Priya Sharma,priya.sharma@example.com,2026-02-11,P1002,Wireless Mouse,2,26.0,COMPLETED,India
11443,C003,Carlos Rivera,carlos.rivera@example.com,2026-02-12,P1003,USB-C Hub,3,40.99,CANCELLED,UK
11444,C004,Amina Hassan,amina.hassan@example.com,2026-02-13,P1004,Monitor,4,220.0,RETURNED,Germany
11445,C005,Wei Chen,wei.chen@example.com,2026-02-14,P1005,Keyboard,5,45.5,PENDING,Canada
11446,C006,Emma Wilson,emma.wilson@example.com,2026-02-15,P1006,Webcam,1,60.99,COMPLETED,Australia
11447,C007,Noah Patel,noah.patel@example.com,2026-02-16,P1007,Headphones,2,89.0,CANCELLED,Japan
11448,C008,Sofia Rossi,sofia.rossi@example.com,2026-02-17,P1008,Desk Chair,3,175.5,RETURNED,Brazil
11449,C009,Liam O'Brien,liam.obrien@example.com,2026-02-18,P1001,Laptop,4,751.0,PENDING,USA
11450,C010,Yuki Tanaka,yuki.tanaka@example.com,2026-02-19,P1002,Wireless Mouse,5,25.5,COMPLETED,India
11451,C011,Maria Santos,maria.santos@example.com,2026-02-20,P1003,USB-C Hub,1,40.49,CANCELLED,UK
11452,C012,Omar Farouk,omar.farouk@example.com,2026-02-21,P1004,Monitor,2,221.0,RETURNED,Germany
11453,C001,John Smith,john@example.com,2026-02-22,P1005,Keyboard,3,45.0,PENDING,Canada
11454,C002,Priya Sharma,priya.sharma@example.com,2026-02-23,P1006,Webcam,4,60.49,COMPLETED,Australia
11455,C003,Carlos Rivera,carlos.rivera@example.com,2026-02-24,P1007,Headphones,5,90.0,CANCELLED,Japan
11456,C004,Amina Hassan,amina.hassan@example.com,2026-02-25,P1008,Desk Chair,1,175.0,RETURNED,Brazil
11457,C005,Wei Chen,wei.chen@example.com,2026-02-26,P1001,Laptop,2,750.5,PENDING,USA
11458,C006,Emma Wilson,emma.wilson@example.com,2026-02-27,P1002,Wireless Mouse,3,26.5,COMPLETED,India
11459,C007,Noah Patel,noah.patel@example.com,2026-02-28,P1003,USB-C Hub,4,39.99,CANCELLED,UK
11460,C008,Sofia Rossi,sofia.rossi@example.com,2026-03-01,P1004,Monitor,5,220.5,RETURNED,Germany
11461,C009,Liam O'Brien,liam.obrien@example.com,2026-03-02,P1005,Keyboard,1,46.0,PENDING,Canada
11462,C010,Yuki Tanaka,yuki.tanaka@example.com,2026-03-03,P1006,Webcam,2,59.99,COMPLETED,Australia
11463,C011,Maria Santos,maria.santos@example.com,2026-03-04,P1007,Headphones,3,89.5,CANCELLED,Japan
11464,C012,Omar Farouk,omar.farouk@example.com,2026-03-05,P1008,Desk Chair,4,176.0,RETURNED,Brazil
11465,C001,John Smith,john@example.com,2026-03-06,P1001,Laptop,5,750.0,PENDING,USA
11466,C002,Priya Sharma,priya.sharma@example.com,2026-03-07,P1002,Wireless Mouse,1,26.0,COMPLETED,India
11467,C003,Carlos Rivera,carlos.rivera@example.com,2026-03-08,P1003,USB-C Hub,2,40.99,CANCELLED,UK
11468,C004,Amina Hassan,amina.hassan@example.com,2026-03-09,P1004,Monitor,3,220.0,RETURNED,Germany
11469,C005,Wei Chen,wei.chen@example.com,2026-03-10,P1005,Keyboard,4,45.5,PENDING,Canada
11470,C006,Emma Wilson,emma.wilson@example.com,2026-03-11,P1006,Webcam,5,60.99,COMPLETED,Australia
11471,C007,Noah Patel,noah.patel@example.com,2026-03-12,P1007,Headphones,1,89.0,CANCELLED,Japan
11472,C008,Sofia Rossi,sofia.rossi@example.com,2026-03-13,P1008,Desk Chair,2,175.5,RETURNED,Brazil
11473,C009,Liam O'Brien,liam.obrien@example.com,2026-03-14,P1001,Laptop,3,751.0,PENDING,USA
11474,C010,Yuki Tanaka,yuki.tanaka@example.com,2026-03-15,P1002,Wireless Mouse,4,25.5,COMPLETED,India
11475,C011,Maria Santos,maria.santos@example.com,2026-03-16,P1003,USB-C Hub,5,40.49,CANCELLED,UK
11476,C012,Omar Farouk,omar.farouk@example.com,2026-03-17,P1004,Monitor,1,221.0,RETURNED,Germany
11477,C001,John Smith,john@example.com,2026-03-18,P1005,Keyboard,2,45.0,PENDING,Canada
11478,C002,Priya Sharma,priya.sharma@example.com,2026-03-19,P1006,Webcam,3,60.49,COMPLETED,Australia
11479,C003,Carlos Rivera,carlos.rivera@example.com,2026-03-20,P1007,Headphones,4,90.0,CANCELLED,Japan
11480,C004,Amina Hassan,amina.hassan@example.com,2026-03-21,P1008,Desk Chair,5,175.0,RETURNED,Brazil
11481,C005,Wei Chen,wei.chen@example.com,2026-03-22,P1001,Laptop,1,750.5,PENDING,USA
11482,C006,Emma Wilson,emma.wilson@example.com,2026-03-23,P1002,Wireless Mouse,2,26.5,COMPLETED,India
11483,C007,Noah Patel,noah.patel@example.com,2026-03-24,P1003,USB-C Hub,3,39.99,CANCELLED,UK
11484,C008,Sofia Rossi,sofia.rossi@example.com,2026-03-25,P1004,Monitor,4,220.5,RETURNED,Germany
11485,C009,Liam O'Brien,liam.obrien@example.com,2026-03-26,P1005,Keyboard,5,46.0,PENDING,Canada
11486,C010,Yuki Tanaka,yuki.tanaka@example.com,2026-03-27,P1006,Webcam,1,59.99,COMPLETED,Australia
11487,C011,Maria Santos,maria.santos@example.com,2026-03-28,P1007,Headphones,2,89.5,CANCELLED,Japan
11488,C012,Omar Farouk,omar.farouk@example.com,2026-03-29,P1008,Desk Chair,3,176.0,RETURNED,Brazil
11489,C001,John Smith,john@example.com,2026-03-30,P1001,Laptop,4,750.0,PENDING,USA
11490,C002,Priya Sharma,priya.sharma@example.com,2026-03-31,P1002,Wireless Mouse,5,26.0,COMPLETED,India
11491,C003,Carlos Rivera,carlos.rivera@example.com,2026-04-01,P1003,USB-C Hub,1,40.99,CANCELLED,UK
11492,C004,Amina Hassan,amina.hassan@example.com,2026-04-02,P1004,Monitor,2,220.0,RETURNED,Germany
11493,C005,Wei Chen,wei.chen@example.com,2026-04-03,P1005,Keyboard,3,45.5,PENDING,Canada
11494,C006,Emma Wilson,emma.wilson@example.com,2026-04-04,P1006,Webcam,4,60.99,COMPLETED,Australia
11495,C007,Noah Patel,noah.patel@example.com,2026-04-05,P1007,Headphones,5,89.0,CANCELLED,Japan
11496,C008,Sofia Rossi,sofia.rossi@example.com,2026-04-06,P1008,Desk Chair,1,175.5,RETURNED,Brazil
11497,C009,Liam O'Brien,liam.obrien@example.com,2026-04-07,P1001,Laptop,2,751.0,PENDING,USA
11498,C010,Yuki Tanaka,yuki.tanaka@example.com,2026-04-08,P1002,Wireless Mouse,3,25.5,COMPLETED,India
11499,C011,Maria Santos,maria.santos@example.com,2026-04-09,P1003,USB-C Hub,4,40.49,CANCELLED,UK
11500,C012,Omar Farouk,omar.farouk@example.com,2026-04-10,P1004,Monitor,5,221.0,RETURNED,Germany
11501,C001,John Smith,john@example.com,2026-04-11,P1005,Keyboard,1,45.0,PENDING,Canada
11502,C002,Priya Sharma,priya.sharma@example.com,2026-04-12,P1006,Webcam,2,60.49,COMPLETED,Australia
11503,C003,Carlos Rivera,carlos.rivera@example.com,2026-04-13,P1007,Headphones,3,90.0,CANCELLED,Japan
11504,C004,Amina Hassan,amina.hassan@example.com,2026-04-14,P1008,Desk Chair,4,175.0,RETURNED,Brazil
11505,C005,Wei Chen,wei.chen@example.com,2026-04-15,P1001,Laptop,5,750.5,PENDING,USA
11506,C006,Emma Wilson,emma.wilson@example.com,2026-04-16,P1002,Wireless Mouse,1,26.5,COMPLETED,India
11507,C007,Noah Patel,noah.patel@example.com,2026-04-17,P1003,USB-C Hub,2,39.99,CANCELLED,UK
11508,C008,Sofia Rossi,sofia.rossi@example.com,2026-04-18,P1004,Monitor,3,220.5,RETURNED,Germany
11509,C009,Liam O'Brien,liam.obrien@example.com,2026-04-19,P1005,Keyboard,4,46.0,PENDING,Canada
11510,C010,Yuki Tanaka,yuki.tanaka@example.com,2026-04-20,P1006,Webcam,5,59.99,COMPLETED,Australia
11511,C011,Maria Santos,maria.santos@example.com,2026-04-21,P1007,Headphones,1,89.5,CANCELLED,Japan
11512,C012,Omar Farouk,omar.farouk@example.com,2026-04-22,P1008,Desk Chair,2,176.0,RETURNED,Brazil
11513,C001,John Smith,john@example.com,2026-04-23,P1001,Laptop,3,750.0,PENDING,USA
11514,C002,Priya Sharma,priya.sharma@example.com,2026-04-24,P1002,Wireless Mouse,4,26.0,COMPLETED,India
11515,C003,Carlos Rivera,carlos.rivera@example.com,2026-04-25,P1003,USB-C Hub,5,40.99,CANCELLED,UK
11516,C004,Amina Hassan,amina.hassan@example.com,2026-04-26,P1004,Monitor,1,220.0,RETURNED,Germany
11517,C005,Wei Chen,wei.chen@example.com,2026-04-27,P1005,Keyboard,2,45.5,PENDING,Canada
11518,C006,Emma Wilson,emma.wilson@example.com,2026-04-28,P1006,Webcam,3,60.99,COMPLETED,Australia
11519,C007,Noah Patel,noah.patel@example.com,2026-04-29,P1007,Headphones,4,89.0,CANCELLED,Japan
11520,C008,Sofia Rossi,sofia.rossi@example.com,2026-04-30,P1008,Desk Chair,5,175.5,RETURNED,Brazil
11521,C009,Liam O'Brien,liam.obrien@example.com,2026-05-01,P1001,Laptop,1,751.0,PENDING,USA
11522,C010,Yuki Tanaka,yuki.tanaka@example.com,2026-05-02,P1002,Wireless Mouse,2,25.5,COMPLETED,India
11523,C011,Maria Santos,maria.santos@example.com,2026-05-03,P1003,USB-C Hub,3,40.49,CANCELLED,UK
11524,C012,Omar Farouk,omar.farouk@example.com,2026-05-04,P1004,Monitor,4,221.0,RETURNED,Germany
11525,C001,John Smith,john@example.com,2026-05-05,P1005,Keyboard,5,45.0,PENDING,Canada
11526,C002,Priya Sharma,priya.sharma@example.com,2026-05-06,P1006,Webcam,1,60.49,COMPLETED,Australia
11527,C003,Carlos Rivera,carlos.rivera@example.com,2026-05-07,P1007,Headphones,2,90.0,CANCELLED,Japan
11528,C004,Amina Hassan,amina.hassan@example.com,2026-05-08,P1008,Desk Chair,3,175.0,RETURNED,Brazil
11529,C005,Wei Chen,wei.chen@example.com,2026-05-09,P1001,Laptop,4,750.5,PENDING,USA
11530,C006,Emma Wilson,emma.wilson@example.com,2026-05-10,P1002,Wireless Mouse,5,26.5,COMPLETED,India
11531,C007,Noah Patel,noah.patel@example.com,2026-05-11,P1003,USB-C Hub,1,39.99,CANCELLED,UK
11532,C008,Sofia Rossi,sofia.rossi@example.com,2026-05-12,P1004,Monitor,2,220.5,RETURNED,Germany
11533,C009,Liam O'Brien,liam.obrien@example.com,2026-05-13,P1005,Keyboard,3,46.0,PENDING,Canada
11534,C010,Yuki Tanaka,yuki.tanaka@example.com,2026-05-14,P1006,Webcam,4,59.99,COMPLETED,Australia
11535,C011,Maria Santos,maria.santos@example.com,2026-05-15,P1007,Headphones,5,89.5,CANCELLED,Japan
11536,C012,Omar Farouk,omar.farouk@example.com,2026-05-16,P1008,Desk Chair,1,176.0,RETURNED,Brazil
11537,C001,John Smith,john@example.com,2026-05-17,P1001,Laptop,2,750.0,PENDING,USA
11538,C002,Priya Sharma,priya.sharma@example.com,2026-05-18,P1002,Wireless Mouse,3,26.0,COMPLETED,India
11539,C003,Carlos Rivera,carlos.rivera@example.com,2026-05-19,P1003,USB-C Hub,4,40.99,CANCELLED,UK
11540,C004,Amina Hassan,amina.hassan@example.com,2026-05-20,P1004,Monitor,5,220.0,RETURNED,Germany
11541,C005,Wei Chen,wei.chen@example.com,2026-05-21,P1005,Keyboard,1,45.5,PENDING,Canada
11542,C006,Emma Wilson,emma.wilson@example.com,2026-05-22,P1006,Webcam,2,60.99,COMPLETED,Australia
11543,C007,Noah Patel,noah.patel@example.com,2026-05-23,P1007,Headphones,3,89.0,CANCELLED,Japan
11544,C008,Sofia Rossi,sofia.rossi@example.com,2026-05-24,P1008,Desk Chair,4,175.5,RETURNED,Brazil
11545,C009,Liam O'Brien,liam.obrien@example.com,2026-05-25,P1001,Laptop,5,751.0,PENDING,USA
11546,C010,Yuki Tanaka,yuki.tanaka@example.com,2026-05-26,P1002,Wireless Mouse,1,25.5,COMPLETED,India
11547,C011,Maria Santos,maria.santos@example.com,2026-05-27,P1003,USB-C Hub,2,40.49,CANCELLED,UK
11548,C012,Omar Farouk,omar.farouk@example.com,2026-05-28,P1004,Monitor,3,221.0,RETURNED,Germany
11549,C001,John Smith,john@example.com,2026-05-29,P1005,Keyboard,4,45.0,PENDING,Canada
11550,C002,Priya Sharma,priya.sharma@example.com,2026-05-30,P1006,Webcam,5,60.49,COMPLETED,Australia
11551,C003,Carlos Rivera,carlos.rivera@example.com,2026-05-31,P1007,Headphones,1,90.0,CANCELLED,Japan
11552,C004,Amina Hassan,amina.hassan@example.com,2026-06-01,P1008,Desk Chair,2,175.0,RETURNED,Brazil
11553,C005,Wei Chen,wei.chen@example.com,2026-06-02,P1001,Laptop,3,750.5,PENDING,USA
11554,C006,Emma Wilson,emma.wilson@example.com,2026-06-03,P1002,Wireless Mouse,4,26.5,COMPLETED,India
11555,C007,Noah Patel,noah.patel@example.com,2026-06-04,P1003,USB-C Hub,5,39.99,CANCELLED,UK
11556,C008,Sofia Rossi,sofia.rossi@example.com,2026-06-05,P1004,Monitor,1,220.5,RETURNED,Germany
11557,C009,Liam O'Brien,liam.obrien@example.com,2026-06-06,P1005,Keyboard,2,46.0,PENDING,Canada
11558,C010,Yuki Tanaka,yuki.tanaka@example.com,2026-06-07,P1006,Webcam,3,59.99,COMPLETED,Australia
11559,C011,Maria Santos,maria.santos@example.com,2026-06-08,P1007,Headphones,4,89.5,CANCELLED,Japan
11560,C012,Omar Farouk,omar.farouk@example.com,2026-06-09,P1008,Desk Chair,5,176.0,RETURNED,Brazil
11561,C001,John Smith,john@example.com,2026-06-10,P1001,Laptop,1,750.0,PENDING,USA
11562,C002,Priya Sharma,priya.sharma@example.com,2026-06-11,P1002,Wireless Mouse,2,26.0,COMPLETED,India
11563,C003,Carlos Rivera,carlos.rivera@example.com,2026-06-12,P1003,USB-C Hub,3,40.99,CANCELLED,UK
11564,C004,Amina Hassan,amina.hassan@example.com,2026-06-13,P1004,Monitor,4,220.0,RETURNED,Germany
11565,C005,Wei Chen,wei.chen@example.com,2026-06-14,P1005,Keyboard,5,45.5,PENDING,Canada
11566,C006,Emma Wilson,emma.wilson@example.com,2026-06-15,P1006,Webcam,1,60.99,COMPLETED,Australia
11567,C007,Noah Patel,noah.patel@example.com,2026-06-16,P1007,Headphones,2,89.0,CANCELLED,Japan
11568,C008,Sofia Rossi,sofia.rossi@example.com,2026-06-17,P1008,Desk Chair,3,175.5,RETURNED,Brazil
11569,C009,Liam O'Brien,liam.obrien@example.com,2026-06-18,P1001,Laptop,4,751.0,PENDING,USA
11570,C010,Yuki Tanaka,yuki.tanaka@example.com,2026-06-19,P1002,Wireless Mouse,5,25.5,COMPLETED,India
11571,C011,Maria Santos,maria.santos@example.com,2026-06-20,P1003,USB-C Hub,1,40.49,CANCELLED,UK
11572,C012,Omar Farouk,omar.farouk@example.com,2026-06-21,P1004,Monitor,2,221.0,RETURNED,Germany
11573,C001,John Smith,john@example.com,2026-06-22,P1005,Keyboard,3,45.0,PENDING,Canada
11574,C002,Priya Sharma,priya.sharma@example.com,2026-06-23,P1006,Webcam,4,60.49,COMPLETED,Australia
11575,C003,Carlos Rivera,carlos.rivera@example.com,2026-06-24,P1007,Headphones,5,90.0,CANCELLED,Japan
11576,C004,Amina Hassan,amina.hassan@example.com,2026-06-25,P1008,Desk Chair,1,175.0,RETURNED,Brazil
11577,C005,Wei Chen,wei.chen@example.com,2026-06-26,P1001,Laptop,2,750.5,PENDING,USA
11578,C006,Emma Wilson,emma.wilson@example.com,2026-06-27,P1002,Wireless Mouse,3,26.5,COMPLETED,India
11579,C007,Noah Patel,noah.patel@example.com,2026-06-28,P1003,USB-C Hub,4,39.99,CANCELLED,UK
11580,C008,Sofia Rossi,sofia.rossi@example.com,2026-06-29,P1004,Monitor,5,220.5,RETURNED,Germany
11581,C009,Liam O'Brien,liam.obrien@example.com,2026-06-30,P1005,Keyboard,1,46.0,PENDING,Canada
11582,C010,Yuki Tanaka,yuki.tanaka@example.com,2026-07-01,P1006,Webcam,2,59.99,COMPLETED,Australia
11583,C011,Maria Santos,maria.santos@example.com,2026-07-02,P1007,Headphones,3,89.5,CANCELLED,Japan
11584,C012,Omar Farouk,omar.farouk@example.com,2026-07-03,P1008,Desk Chair,4,176.0,RETURNED,Brazil
11585,C001,John Smith,john@example.com,2026-07-04,P1001,Laptop,5,750.0,PENDING,USA
11586,C002,Priya Sharma,priya.sharma@example.com,2026-07-05,P1002,Wireless Mouse,1,26.0,COMPLETED,India
11587,C003,Carlos Rivera,carlos.rivera@example.com,2026-07-06,P1003,USB-C Hub,2,40.99,CANCELLED,UK
11588,C004,Amina Hassan,amina.hassan@example.com,2026-07-07,P1004,Monitor,3,220.0,RETURNED,Germany
11589,C005,Wei Chen,wei.chen@example.com,2026-07-08,P1005,Keyboard,4,45.5,PENDING,Canada
11590,C006,Emma Wilson,emma.wilson@example.com,2026-07-09,P1006,Webcam,5,60.99,COMPLETED,Australia
11591,C007,Noah Patel,noah.patel@example.com,2026-07-10,P1007,Headphones,1,89.0,CANCELLED,Japan
11592,C008,Sofia Rossi,sofia.rossi@example.com,2026-07-11,P1008,Desk Chair,2,175.5,RETURNED,Brazil
11593,C009,Liam O'Brien,liam.obrien@example.com,2026-07-12,P1001,Laptop,3,751.0,PENDING,USA
11594,C010,Yuki Tanaka,yuki.tanaka@example.com,2026-07-13,P1002,Wireless Mouse,4,25.5,COMPLETED,India
11595,C011,Maria Santos,maria.santos@example.com,2026-07-14,P1003,USB-C Hub,5,40.49,CANCELLED,UK
11596,C012,Omar Farouk,omar.farouk@example.com,2026-07-15,P1004,Monitor,1,221.0,RETURNED,Germany
11597,C001,John Smith,john@example.com,2026-07-16,P1005,Keyboard,2,45.0,PENDING,Canada
11598,C002,Priya Sharma,priya.sharma@example.com,2026-07-17,P1006,Webcam,3,60.49,COMPLETED,Australia
11599,C003,Carlos Rivera,carlos.rivera@example.com,2026-07-18,P1007,Headphones,4,90.0,CANCELLED,Japan
11600,C004,Amina Hassan,amina.hassan@example.com,2026-07-19,P1008,Desk Chair,5,175.0,RETURNED,Brazil
11601,C005,Wei Chen,wei.chen@example.com,2026-01-01,P1001,Laptop,1,750.5,PENDING,USA
11602,C006,Emma Wilson,emma.wilson@example.com,2026-01-02,P1002,Wireless Mouse,2,26.5,COMPLETED,India
11603,C007,Noah Patel,noah.patel@example.com,2026-01-03,P1003,USB-C Hub,3,39.99,CANCELLED,UK
11604,C008,Sofia Rossi,sofia.rossi@example.com,2026-01-04,P1004,Monitor,4,220.5,RETURNED,Germany
11605,C009,Liam O'Brien,liam.obrien@example.com,2026-01-05,P1005,Keyboard,5,46.0,PENDING,Canada
11606,C010,Yuki Tanaka,yuki.tanaka@example.com,2026-01-06,P1006,Webcam,1,59.99,COMPLETED,Australia
11607,C011,Maria Santos,maria.santos@example.com,2026-01-07,P1007,Headphones,2,89.5,CANCELLED,Japan
11608,C012,Omar Farouk,omar.farouk@example.com,2026-01-08,P1008,Desk Chair,3,176.0,RETURNED,Brazil
11609,C001,John Smith,john@example.com,2026-01-09,P1001,Laptop,4,750.0,PENDING,USA
11610,C002,Priya Sharma,priya.sharma@example.com,2026-01-10,P1002,Wireless Mouse,5,26.0,COMPLETED,India
11611,C003,Carlos Rivera,carlos.rivera@example.com,2026-01-11,P1003,USB-C Hub,1,40.99,CANCELLED,UK
11612,C004,Amina Hassan,amina.hassan@example.com,2026-01-12,P1004,Monitor,2,220.0,RETURNED,Germany
11613,C005,Wei Chen,wei.chen@example.com,2026-01-13,P1005,Keyboard,3,45.5,PENDING,Canada
11614,C006,Emma Wilson,emma.wilson@example.com,2026-01-14,P1006,Webcam,4,60.99,COMPLETED,Australia
11615,C007,Noah Patel,noah.patel@example.com,2026-01-15,P1007,Headphones,5,89.0,CANCELLED,Japan
11616,C008,Sofia Rossi,sofia.rossi@example.com,2026-01-16,P1008,Desk Chair,1,175.5,RETURNED,Brazil
11617,C009,Liam O'Brien,liam.obrien@example.com,2026-01-17,P1001,Laptop,2,751.0,PENDING,USA
11618,C010,Yuki Tanaka,yuki.tanaka@example.com,2026-01-18,P1002,Wireless Mouse,3,25.5,COMPLETED,India
11619,C011,Maria Santos,maria.santos@example.com,2026-01-19,P1003,USB-C Hub,4,40.49,CANCELLED,UK
11620,C012,Omar Farouk,omar.farouk@example.com,2026-01-20,P1004,Monitor,5,221.0,RETURNED,Germany
11621,C001,John Smith,john@example.com,2026-01-21,P1005,Keyboard,1,45.0,PENDING,Canada
11622,C002,Priya Sharma,priya.sharma@example.com,2026-01-22,P1006,Webcam,2,60.49,COMPLETED,Australia
11623,C003,Carlos Rivera,carlos.rivera@example.com,2026-01-23,P1007,Headphones,3,90.0,CANCELLED,Japan
11624,C004,Amina Hassan,amina.hassan@example.com,2026-01-24,P1008,Desk Chair,4,175.0,RETURNED,Brazil
11625,C005,Wei Chen,wei.chen@example.com,2026-01-25,P1001,Laptop,5,750.5,PENDING,USA
11626,C006,Emma Wilson,emma.wilson@example.com,2026-01-26,P1002,Wireless Mouse,1,26.5,COMPLETED,India
11627,C007,Noah Patel,noah.patel@example.com,2026-01-27,P1003,USB-C Hub,2,39.99,CANCELLED,UK
11628,C008,Sofia Rossi,sofia.rossi@example.com,2026-01-28,P1004,Monitor,3,220.5,RETURNED,Germany
11629,C009,Liam O'Brien,liam.obrien@example.com,2026-01-29,P1005,Keyboard,4,46.0,PENDING,Canada
11630,C010,Yuki Tanaka,yuki.tanaka@example.com,2026-01-30,P1006,Webcam,5,59.99,COMPLETED,Australia
11631,C011,Maria Santos,maria.santos@example.com,2026-01-31,P1007,Headphones,1,89.5,CANCELLED,Japan
11632,C012,Omar Farouk,omar.farouk@example.com,2026-02-01,P1008,Desk Chair,2,176.0,RETURNED,Brazil
11633,C001,John Smith,john@example.com,2026-02-02,P1001,Laptop,3,750.0,PENDING,USA
11634,C002,Priya Sharma,priya.sharma@example.com,2026-02-03,P1002,Wireless Mouse,4,26.0,COMPLETED,India
11635,C003,Carlos Rivera,carlos.rivera@example.com,2026-02-04,P1003,USB-C Hub,5,40.99,CANCELLED,UK
11636,C004,Amina Hassan,amina.hassan@example.com,2026-02-05,P1004,Monitor,1,220.0,RETURNED,Germany
11637,C005,Wei Chen,wei.chen@example.com,2026-02-06,P1005,Keyboard,2,45.5,PENDING,Canada
11638,C006,Emma Wilson,emma.wilson@example.com,2026-02-07,P1006,Webcam,3,60.99,COMPLETED,Australia
11639,C007,Noah Patel,noah.patel@example.com,2026-02-08,P1007,Headphones,4,89.0,CANCELLED,Japan
11640,C008,Sofia Rossi,sofia.rossi@example.com,2026-02-09,P1008,Desk Chair,5,175.5,RETURNED,Brazil
11641,C009,Liam O'Brien,liam.obrien@example.com,2026-02-10,P1001,Laptop,1,751.0,PENDING,USA
11642,C010,Yuki Tanaka,yuki.tanaka@example.com,2026-02-11,P1002,Wireless Mouse,2,25.5,COMPLETED,India
11643,C011,Maria Santos,maria.santos@example.com,2026-02-12,P1003,USB-C Hub,3,40.49,CANCELLED,UK
11644,C012,Omar Farouk,omar.farouk@example.com,2026-02-13,P1004,Monitor,4,221.0,RETURNED,Germany
11645,C001,John Smith,john@example.com,2026-02-14,P1005,Keyboard,5,45.0,PENDING,Canada
11646,C002,Priya Sharma,priya.sharma@example.com,2026-02-15,P1006,Webcam,1,60.49,COMPLETED,Australia
11647,C003,Carlos Rivera,carlos.rivera@example.com,2026-02-16,P1007,Headphones,2,90.0,CANCELLED,Japan
11648,C004,Amina Hassan,amina.hassan@example.com,2026-02-17,P1008,Desk Chair,3,175.0,RETURNED,Brazil
11649,C005,Wei Chen,wei.chen@example.com,2026-02-18,P1001,Laptop,4,750.5,PENDING,USA
11650,C006,Emma Wilson,emma.wilson@example.com,2026-02-19,P1002,Wireless Mouse,5,26.5,COMPLETED,India
11651,C007,Noah Patel,noah.patel@example.com,2026-02-20,P1003,USB-C Hub,1,39.99,CANCELLED,UK
11652,C008,Sofia Rossi,sofia.rossi@example.com,2026-02-21,P1004,Monitor,2,220.5,RETURNED,Germany
11653,C009,Liam O'Brien,liam.obrien@example.com,2026-02-22,P1005,Keyboard,3,46.0,PENDING,Canada
11654,C010,Yuki Tanaka,yuki.tanaka@example.com,2026-02-23,P1006,Webcam,4,59.99,COMPLETED,Australia
11655,C011,Maria Santos,maria.santos@example.com,2026-02-24,P1007,Headphones,5,89.5,CANCELLED,Japan
11656,C012,Omar Farouk,omar.farouk@example.com,2026-02-25,P1008,Desk Chair,1,176.0,RETURNED,Brazil
11657,C001,John Smith,john@example.com,2026-02-26,P1001,Laptop,2,750.0,PENDING,USA
11658,C002,Priya Sharma,priya.sharma@example.com,2026-02-27,P1002,Wireless Mouse,3,26.0,COMPLETED,India
11659,C003,Carlos Rivera,carlos.rivera@example.com,2026-02-28,P1003,USB-C Hub,4,40.99,CANCELLED,UK
11660,C004,Amina Hassan,amina.hassan@example.com,2026-03-01,P1004,Monitor,5,220.0,RETURNED,Germany
11661,C005,Wei Chen,wei.chen@example.com,2026-03-02,P1005,Keyboard,1,45.5,PENDING,Canada
11662,C006,Emma Wilson,emma.wilson@example.com,2026-03-03,P1006,Webcam,2,60.99,COMPLETED,Australia
11663,C007,Noah Patel,noah.patel@example.com,2026-03-04,P1007,Headphones,3,89.0,CANCELLED,Japan
11664,C008,Sofia Rossi,sofia.rossi@example.com,2026-03-05,P1008,Desk Chair,4,175.5,RETURNED,Brazil
11665,C009,Liam O'Brien,liam.obrien@example.com,2026-03-06,P1001,Laptop,5,751.0,PENDING,USA
11666,C010,Yuki Tanaka,yuki.tanaka@example.com,2026-03-07,P1002,Wireless Mouse,1,25.5,COMPLETED,India
11667,C011,Maria Santos,maria.santos@example.com,2026-03-08,P1003,USB-C Hub,2,40.49,CANCELLED,UK
11668,C012,Omar Farouk,omar.farouk@example.com,2026-03-09,P1004,Monitor,3,221.0,RETURNED,Germany
11669,C001,John Smith,john@example.com,2026-03-10,P1005,Keyboard,4,45.0,PENDING,Canada
11670,C002,Priya Sharma,priya.sharma@example.com,2026-03-11,P1006,Webcam,5,60.49,COMPLETED,Australia
11671,C003,Carlos Rivera,carlos.rivera@example.com,2026-03-12,P1007,Headphones,1,90.0,CANCELLED,Japan
11672,C004,Amina Hassan,amina.hassan@example.com,2026-03-13,P1008,Desk Chair,2,175.0,RETURNED,Brazil
11673,C005,Wei Chen,wei.chen@example.com,2026-03-14,P1001,Laptop,3,750.5,PENDING,USA
11674,C006,Emma Wilson,emma.wilson@example.com,2026-03-15,P1002,Wireless Mouse,4,26.5,COMPLETED,India
11675,C007,Noah Patel,noah.patel@example.com,2026-03-16,P1003,USB-C Hub,5,39.99,CANCELLED,UK
11676,C008,Sofia Rossi,sofia.rossi@example.com,2026-03-17,P1004,Monitor,1,220.5,RETURNED,Germany
11677,C009,Liam O'Brien,liam.obrien@example.com,2026-03-18,P1005,Keyboard,2,46.0,PENDING,Canada
11678,C010,Yuki Tanaka,yuki.tanaka@example.com,2026-03-19,P1006,Webcam,3,59.99,COMPLETED,Australia
11679,C011,Maria Santos,maria.santos@example.com,2026-03-20,P1007,Headphones,4,89.5,CANCELLED,Japan
11680,C012,Omar Farouk,omar.farouk@example.com,2026-03-21,P1008,Desk Chair,5,176.0,RETURNED,Brazil
11681,C001,John Smith,john@example.com,2026-03-22,P1001,Laptop,1,750.0,PENDING,USA
11682,C002,Priya Sharma,priya.sharma@example.com,2026-03-23,P1002,Wireless Mouse,2,26.0,COMPLETED,India
11683,C003,Carlos Rivera,carlos.rivera@example.com,2026-03-24,P1003,USB-C Hub,3,40.99,CANCELLED,UK
11684,C004,Amina Hassan,amina.hassan@example.com,2026-03-25,P1004,Monitor,4,220.0,RETURNED,Germany
11685,C005,Wei Chen,wei.chen@example.com,2026-03-26,P1005,Keyboard,5,45.5,PENDING,Canada
11686,C006,Emma Wilson,emma.wilson@example.com,2026-03-27,P1006,Webcam,1,60.99,COMPLETED,Australia
11687,C007,Noah Patel,noah.patel@example.com,2026-03-28,P1007,Headphones,2,89.0,CANCELLED,Japan
11688,C008,Sofia Rossi,sofia.rossi@example.com,2026-03-29,P1008,Desk Chair,3,175.5,RETURNED,Brazil
11689,C009,Liam O'Brien,liam.obrien@example.com,2026-03-30,P1001,Laptop,4,751.0,PENDING,USA
11690,C010,Yuki Tanaka,yuki.tanaka@example.com,2026-03-31,P1002,Wireless Mouse,5,25.5,COMPLETED,India
11691,C011,Maria Santos,maria.santos@example.com,2026-04-01,P1003,USB-C Hub,1,40.49,CANCELLED,UK
11692,C012,Omar Farouk,omar.farouk@example.com,2026-04-02,P1004,Monitor,2,221.0,RETURNED,Germany
11693,C001,John Smith,john@example.com,2026-04-03,P1005,Keyboard,3,45.0,PENDING,Canada
11694,C002,Priya Sharma,priya.sharma@example.com,2026-04-04,P1006,Webcam,4,60.49,COMPLETED,Australia
11695,C003,Carlos Rivera,carlos.rivera@example.com,2026-04-05,P1007,Headphones,5,90.0,CANCELLED,Japan
11696,C004,Amina Hassan,amina.hassan@example.com,2026-04-06,P1008,Desk Chair,1,175.0,RETURNED,Brazil
11697,C005,Wei Chen,wei.chen@example.com,2026-04-07,P1001,Laptop,2,750.5,PENDING,USA
11698,C006,Emma Wilson,emma.wilson@example.com,2026-04-08,P1002,Wireless Mouse,3,26.5,COMPLETED,India
11699,C007,Noah Patel,noah.patel@example.com,2026-04-09,P1003,USB-C Hub,4,39.99,CANCELLED,UK
11700,C008,Sofia Rossi,sofia.rossi@example.com,2026-04-10,P1004,Monitor,5,220.5,RETURNED,Germany
11701,C009,Liam O'Brien,liam.obrien@example.com,2026-04-11,P1005,Keyboard,1,46.0,PENDING,Canada
11702,C010,Yuki Tanaka,yuki.tanaka@example.com,2026-04-12,P1006,Webcam,2,59.99,COMPLETED,Australia
11703,C011,Maria Santos,maria.santos@example.com,2026-04-13,P1007,Headphones,3,89.5,CANCELLED,Japan
11704,C012,Omar Farouk,omar.farouk@example.com,2026-04-14,P1008,Desk Chair,4,176.0,RETURNED,Brazil
11705,C001,John Smith,john@example.com,2026-04-15,P1001,Laptop,5,750.0,PENDING,USA
11706,C002,Priya Sharma,priya.sharma@example.com,2026-04-16,P1002,Wireless Mouse,1,26.0,COMPLETED,India
11707,C003,Carlos Rivera,carlos.rivera@example.com,2026-04-17,P1003,USB-C Hub,2,40.99,CANCELLED,UK
11708,C004,Amina Hassan,amina.hassan@example.com,2026-04-18,P1004,Monitor,3,220.0,RETURNED,Germany
11709,C005,Wei Chen,wei.chen@example.com,2026-04-19,P1005,Keyboard,4,45.5,PENDING,Canada
11710,C006,Emma Wilson,emma.wilson@example.com,2026-04-20,P1006,Webcam,5,60.99,COMPLETED,Australia
11711,C007,Noah Patel,noah.patel@example.com,2026-04-21,P1007,Headphones,1,89.0,CANCELLED,Japan
11712,C008,Sofia Rossi,sofia.rossi@example.com,2026-04-22,P1008,Desk Chair,2,175.5,RETURNED,Brazil
11713,C009,Liam O'Brien,liam.obrien@example.com,2026-04-23,P1001,Laptop,3,751.0,PENDING,USA
11714,C010,Yuki Tanaka,yuki.tanaka@example.com,2026-04-24,P1002,Wireless Mouse,4,25.5,COMPLETED,India
11715,C011,Maria Santos,maria.santos@example.com,2026-04-25,P1003,USB-C Hub,5,40.49,CANCELLED,UK
11716,C012,Omar Farouk,omar.farouk@example.com,2026-04-26,P1004,Monitor,1,221.0,RETURNED,Germany
11717,C001,John Smith,john@example.com,2026-04-27,P1005,Keyboard,2,45.0,PENDING,Canada
11718,C002,Priya Sharma,priya.sharma@example.com,2026-04-28,P1006,Webcam,3,60.49,COMPLETED,Australia
11719,C003,Carlos Rivera,carlos.rivera@example.com,2026-04-29,P1007,Headphones,4,90.0,CANCELLED,Japan
11720,C004,Amina Hassan,amina.hassan@example.com,2026-04-30,P1008,Desk Chair,5,175.0,RETURNED,Brazil
11721,C005,Wei Chen,wei.chen@example.com,2026-05-01,P1001,Laptop,1,750.5,PENDING,USA
11722,C006,Emma Wilson,emma.wilson@example.com,2026-05-02,P1002,Wireless Mouse,2,26.5,COMPLETED,India
11723,C007,Noah Patel,noah.patel@example.com,2026-05-03,P1003,USB-C Hub,3,39.99,CANCELLED,UK
11724,C008,Sofia Rossi,sofia.rossi@example.com,2026-05-04,P1004,Monitor,4,220.5,RETURNED,Germany
11725,C009,Liam O'Brien,liam.obrien@example.com,2026-05-05,P1005,Keyboard,5,46.0,PENDING,Canada
11726,C010,Yuki Tanaka,yuki.tanaka@example.com,2026-05-06,P1006,Webcam,1,59.99,COMPLETED,Australia
11727,C011,Maria Santos,maria.santos@example.com,2026-05-07,P1007,Headphones,2,89.5,CANCELLED,Japan
11728,C012,Omar Farouk,omar.farouk@example.com,2026-05-08,P1008,Desk Chair,3,176.0,RETURNED,Brazil
11729,C001,John Smith,john@example.com,2026-05-09,P1001,Laptop,4,750.0,PENDING,USA
11730,C002,Priya Sharma,priya.sharma@example.com,2026-05-10,P1002,Wireless Mouse,5,26.0,COMPLETED,India
11731,C003,Carlos Rivera,carlos.rivera@example.com,2026-05-11,P1003,USB-C Hub,1,40.99,CANCELLED,UK
11732,C004,Amina Hassan,amina.hassan@example.com,2026-05-12,P1004,Monitor,2,220.0,RETURNED,Germany
11733,C005,Wei Chen,wei.chen@example.com,2026-05-13,P1005,Keyboard,3,45.5,PENDING,Canada
11734,C006,Emma Wilson,emma.wilson@example.com,2026-05-14,P1006,Webcam,4,60.99,COMPLETED,Australia
11735,C007,Noah Patel,noah.patel@example.com,2026-05-15,P1007,Headphones,5,89.0,CANCELLED,Japan
11736,C008,Sofia Rossi,sofia.rossi@example.com,2026-05-16,P1008,Desk Chair,1,175.5,RETURNED,Brazil
11737,C009,Liam O'Brien,liam.obrien@example.com,2026-05-17,P1001,Laptop,2,751.0,PENDING,USA
11738,C010,Yuki Tanaka,yuki.tanaka@example.com,2026-05-18,P1002,Wireless Mouse,3,25.5,COMPLETED,India
11739,C011,Maria Santos,maria.santos@example.com,2026-05-19,P1003,USB-C Hub,4,40.49,CANCELLED,UK
11740,C012,Omar Farouk,omar.farouk@example.com,2026-05-20,P1004,Monitor,5,221.0,RETURNED,Germany
11741,C001,John Smith,john@example.com,2026-05-21,P1005,Keyboard,1,45.0,PENDING,Canada
11742,C002,Priya Sharma,priya.sharma@example.com,2026-05-22,P1006,Webcam,2,60.49,COMPLETED,Australia
11743,C003,Carlos Rivera,carlos.rivera@example.com,2026-05-23,P1007,Headphones,3,90.0,CANCELLED,Japan
11744,C004,Amina Hassan,amina.hassan@example.com,2026-05-24,P1008,Desk Chair,4,175.0,RETURNED,Brazil
11745,C005,Wei Chen,wei.chen@example.com,2026-05-25,P1001,Laptop,5,750.5,PENDING,USA
11746,C006,Emma Wilson,emma.wilson@example.com,2026-05-26,P1002,Wireless Mouse,1,26.5,COMPLETED,India
11747,C007,Noah Patel,noah.patel@example.com,2026-05-27,P1003,USB-C Hub,2,39.99,CANCELLED,UK
11748,C008,Sofia Rossi,sofia.rossi@example.com,2026-05-28,P1004,Monitor,3,220.5,RETURNED,Germany
11749,C009,Liam O'Brien,liam.obrien@example.com,2026-05-29,P1005,Keyboard,4,46.0,PENDING,Canada
11750,C010,Yuki Tanaka,yuki.tanaka@example.com,2026-05-30,P1006,Webcam,5,59.99,COMPLETED,Australia
11751,C011,Maria Santos,maria.santos@example.com,2026-05-31,P1007,Headphones,1,89.5,CANCELLED,Japan
11752,C012,Omar Farouk,omar.farouk@example.com,2026-06-01,P1008,Desk Chair,2,176.0,RETURNED,Brazil
11753,C001,John Smith,john@example.com,2026-06-02,P1001,Laptop,3,750.0,PENDING,USA
11754,C002,Priya Sharma,priya.sharma@example.com,2026-06-03,P1002,Wireless Mouse,4,26.0,COMPLETED,India
11755,C003,Carlos Rivera,carlos.rivera@example.com,2026-06-04,P1003,USB-C Hub,5,40.99,CANCELLED,UK
11756,C004,Amina Hassan,amina.hassan@example.com,2026-06-05,P1004,Monitor,1,220.0,RETURNED,Germany
11757,C005,Wei Chen,wei.chen@example.com,2026-06-06,P1005,Keyboard,2,45.5,PENDING,Canada
11758,C006,Emma Wilson,emma.wilson@example.com,2026-06-07,P1006,Webcam,3,60.99,COMPLETED,Australia
11759,C007,Noah Patel,noah.patel@example.com,2026-06-08,P1007,Headphones,4,89.0,CANCELLED,Japan
11760,C008,Sofia Rossi,sofia.rossi@example.com,2026-06-09,P1008,Desk Chair,5,175.5,RETURNED,Brazil
11761,C009,Liam O'Brien,liam.obrien@example.com,2026-06-10,P1001,Laptop,1,751.0,PENDING,USA
11762,C010,Yuki Tanaka,yuki.tanaka@example.com,2026-06-11,P1002,Wireless Mouse,2,25.5,COMPLETED,India
11763,C011,Maria Santos,maria.santos@example.com,2026-06-12,P1003,USB-C Hub,3,40.49,CANCELLED,UK
11764,C012,Omar Farouk,omar.farouk@example.com,2026-06-13,P1004,Monitor,4,221.0,RETURNED,Germany
11765,C001,John Smith,john@example.com,2026-06-14,P1005,Keyboard,5,45.0,PENDING,Canada
11766,C002,Priya Sharma,priya.sharma@example.com,2026-06-15,P1006,Webcam,1,60.49,COMPLETED,Australia
11767,C003,Carlos Rivera,carlos.rivera@example.com,2026-06-16,P1007,Headphones,2,90.0,CANCELLED,Japan
11768,C004,Amina Hassan,amina.hassan@example.com,2026-06-17,P1008,Desk Chair,3,175.0,RETURNED,Brazil
11769,C005,Wei Chen,wei.chen@example.com,2026-06-18,P1001,Laptop,4,750.5,PENDING,USA
11770,C006,Emma Wilson,emma.wilson@example.com,2026-06-19,P1002,Wireless Mouse,5,26.5,COMPLETED,India
11771,C007,Noah Patel,noah.patel@example.com,2026-06-20,P1003,USB-C Hub,1,39.99,CANCELLED,UK
11772,C008,Sofia Rossi,sofia.rossi@example.com,2026-06-21,P1004,Monitor,2,220.5,RETURNED,Germany
11773,C009,Liam O'Brien,liam.obrien@example.com,2026-06-22,P1005,Keyboard,3,46.0,PENDING,Canada
11774,C010,Yuki Tanaka,yuki.tanaka@example.com,2026-06-23,P1006,Webcam,4,59.99,COMPLETED,Australia
11775,C011,Maria Santos,maria.santos@example.com,2026-06-24,P1007,Headphones,5,89.5,CANCELLED,Japan
11776,C012,Omar Farouk,omar.farouk@example.com,2026-06-25,P1008,Desk Chair,1,176.0,RETURNED,Brazil
11777,C001,John Smith,john@example.com,2026-06-26,P1001,Laptop,2,750.0,PENDING,USA
11778,C002,Priya Sharma,priya.sharma@example.com,2026-06-27,P1002,Wireless Mouse,3,26.0,COMPLETED,India
11779,C003,Carlos Rivera,carlos.rivera@example.com,2026-06-28,P1003,USB-C Hub,4,40.99,CANCELLED,UK
11780,C004,Amina Hassan,amina.hassan@example.com,2026-06-29,P1004,Monitor,5,220.0,RETURNED,Germany
11781,C005,Wei Chen,wei.chen@example.com,2026-06-30,P1005,Keyboard,1,45.5,PENDING,Canada
11782,C006,Emma Wilson,emma.wilson@example.com,2026-07-01,P1006,Webcam,2,60.99,COMPLETED,Australia
11783,C007,Noah Patel,noah.patel@example.com,2026-07-02,P1007,Headphones,3,89.0,CANCELLED,Japan
11784,C008,Sofia Rossi,sofia.rossi@example.com,2026-07-03,P1008,Desk Chair,4,175.5,RETURNED,Brazil
11785,C009,Liam O'Brien,liam.obrien@example.com,2026-07-04,P1001,Laptop,5,751.0,PENDING,USA
11786,C010,Yuki Tanaka,yuki.tanaka@example.com,2026-07-05,P1002,Wireless Mouse,1,25.5,COMPLETED,India
11787,C011,Maria Santos,maria.santos@example.com,2026-07-06,P1003,USB-C Hub,2,40.49,CANCELLED,UK
11788,C012,Omar Farouk,omar.farouk@example.com,2026-07-07,P1004,Monitor,3,221.0,RETURNED,Germany
11789,C001,John Smith,john@example.com,2026-07-08,P1005,Keyboard,4,45.0,PENDING,Canada
11790,C002,Priya Sharma,priya.sharma@example.com,2026-07-09,P1006,Webcam,5,60.49,COMPLETED,Australia
11791,C003,Carlos Rivera,carlos.rivera@example.com,2026-07-10,P1007,Headphones,1,90.0,CANCELLED,Japan
11792,C004,Amina Hassan,amina.hassan@example.com,2026-07-11,P1008,Desk Chair,2,175.0,RETURNED,Brazil
11793,C005,Wei Chen,wei.chen@example.com,2026-07-12,P1001,Laptop,3,750.5,PENDING,USA
11794,C006,Emma Wilson,emma.wilson@example.com,2026-07-13,P1002,Wireless Mouse,4,26.5,COMPLETED,India
11795,C007,Noah Patel,noah.patel@example.com,2026-07-14,P1003,USB-C Hub,5,39.99,CANCELLED,UK
11796,C008,Sofia Rossi,sofia.rossi@example.com,2026-07-15,P1004,Monitor,1,220.5,RETURNED,Germany
11797,C009,Liam O'Brien,liam.obrien@example.com,2026-07-16,P1005,Keyboard,2,46.0,PENDING,Canada
11798,C010,Yuki Tanaka,yuki.tanaka@example.com,2026-07-17,P1006,Webcam,3,59.99,COMPLETED,Australia
11799,C011,Maria Santos,maria.santos@example.com,2026-07-18,P1007,Headphones,4,89.5,CANCELLED,Japan
11800,C012,Omar Farouk,omar.farouk@example.com,2026-07-19,P1008,Desk Chair,5,176.0,RETURNED,Brazil
11801,C001,John Smith,john@example.com,2026-01-01,P1001,Laptop,1,750.0,PENDING,USA
11802,C002,Priya Sharma,priya.sharma@example.com,2026-01-02,P1002,Wireless Mouse,2,26.0,COMPLETED,India
11803,C003,Carlos Rivera,carlos.rivera@example.com,2026-01-03,P1003,USB-C Hub,3,40.99,CANCELLED,UK
11804,C004,Amina Hassan,amina.hassan@example.com,2026-01-04,P1004,Monitor,4,220.0,RETURNED,Germany
11805,C005,Wei Chen,wei.chen@example.com,2026-01-05,P1005,Keyboard,5,45.5,PENDING,Canada
11806,C006,Emma Wilson,emma.wilson@example.com,2026-01-06,P1006,Webcam,1,60.99,COMPLETED,Australia
11807,C007,Noah Patel,noah.patel@example.com,2026-01-07,P1007,Headphones,2,89.0,CANCELLED,Japan
11808,C008,Sofia Rossi,sofia.rossi@example.com,2026-01-08,P1008,Desk Chair,3,175.5,RETURNED,Brazil
11809,C009,Liam O'Brien,liam.obrien@example.com,2026-01-09,P1001,Laptop,4,751.0,PENDING,USA
11810,C010,Yuki Tanaka,yuki.tanaka@example.com,2026-01-10,P1002,Wireless Mouse,5,25.5,COMPLETED,India
11811,C011,Maria Santos,maria.santos@example.com,2026-01-11,P1003,USB-C Hub,1,40.49,CANCELLED,UK
11812,C012,Omar Farouk,omar.farouk@example.com,2026-01-12,P1004,Monitor,2,221.0,RETURNED,Germany
11813,C001,John Smith,john@example.com,2026-01-13,P1005,Keyboard,3,45.0,PENDING,Canada
11814,C002,Priya Sharma,priya.sharma@example.com,2026-01-14,P1006,Webcam,4,60.49,COMPLETED,Australia
11815,C003,Carlos Rivera,carlos.rivera@example.com,2026-01-15,P1007,Headphones,5,90.0,CANCELLED,Japan
11816,C004,Amina Hassan,amina.hassan@example.com,2026-01-16,P1008,Desk Chair,1,175.0,RETURNED,Brazil
11817,C005,Wei Chen,wei.chen@example.com,2026-01-17,P1001,Laptop,2,750.5,PENDING,USA
11818,C006,Emma Wilson,emma.wilson@example.com,2026-01-18,P1002,Wireless Mouse,3,26.5,COMPLETED,India
11819,C007,Noah Patel,noah.patel@example.com,2026-01-19,P1003,USB-C Hub,4,39.99,CANCELLED,UK
11820,C008,Sofia Rossi,sofia.rossi@example.com,2026-01-20,P1004,Monitor,5,220.5,RETURNED,Germany
11821,C009,Liam O'Brien,liam.obrien@example.com,2026-01-21,P1005,Keyboard,1,46.0,PENDING,Canada
11822,C010,Yuki Tanaka,yuki.tanaka@example.com,2026-01-22,P1006,Webcam,2,59.99,COMPLETED,Australia
11823,C011,Maria Santos,maria.santos@example.com,2026-01-23,P1007,Headphones,3,89.5,CANCELLED,Japan
11824,C012,Omar Farouk,omar.farouk@example.com,2026-01-24,P1008,Desk Chair,4,176.0,RETURNED,Brazil
11825,C001,John Smith,john@example.com,2026-01-25,P1001,Laptop,5,750.0,PENDING,USA
11826,C002,Priya Sharma,priya.sharma@example.com,2026-01-26,P1002,Wireless Mouse,1,26.0,COMPLETED,India
11827,C003,Carlos Rivera,carlos.rivera@example.com,2026-01-27,P1003,USB-C Hub,2,40.99,CANCELLED,UK
11828,C004,Amina Hassan,amina.hassan@example.com,2026-01-28,P1004,Monitor,3,220.0,RETURNED,Germany
11829,C005,Wei Chen,wei.chen@example.com,2026-01-29,P1005,Keyboard,4,45.5,PENDING,Canada
11830,C006,Emma Wilson,emma.wilson@example.com,2026-01-30,P1006,Webcam,5,60.99,COMPLETED,Australia
11831,C007,Noah Patel,noah.patel@example.com,2026-01-31,P1007,Headphones,1,89.0,CANCELLED,Japan
11832,C008,Sofia Rossi,sofia.rossi@example.com,2026-02-01,P1008,Desk Chair,2,175.5,RETURNED,Brazil
11833,C009,Liam O'Brien,liam.obrien@example.com,2026-02-02,P1001,Laptop,3,751.0,PENDING,USA
11834,C010,Yuki Tanaka,yuki.tanaka@example.com,2026-02-03,P1002,Wireless Mouse,4,25.5,COMPLETED,India
11835,C011,Maria Santos,maria.santos@example.com,2026-02-04,P1003,USB-C Hub,5,40.49,CANCELLED,UK
11836,C012,Omar Farouk,omar.farouk@example.com,2026-02-05,P1004,Monitor,1,221.0,RETURNED,Germany
11837,C001,John Smith,john@example.com,2026-02-06,P1005,Keyboard,2,45.0,PENDING,Canada
11838,C002,Priya Sharma,priya.sharma@example.com,2026-02-07,P1006,Webcam,3,60.49,COMPLETED,Australia
11839,C003,Carlos Rivera,carlos.rivera@example.com,2026-02-08,P1007,Headphones,4,90.0,CANCELLED,Japan
11840,C004,Amina Hassan,amina.hassan@example.com,2026-02-09,P1008,Desk Chair,5,175.0,RETURNED,Brazil
11841,C005,Wei Chen,wei.chen@example.com,2026-02-10,P1001,Laptop,1,750.5,PENDING,USA
11842,C006,Emma Wilson,emma.wilson@example.com,2026-02-11,P1002,Wireless Mouse,2,26.5,COMPLETED,India
11843,C007,Noah Patel,noah.patel@example.com,2026-02-12,P1003,USB-C Hub,3,39.99,CANCELLED,UK
11844,C008,Sofia Rossi,sofia.rossi@example.com,2026-02-13,P1004,Monitor,4,220.5,RETURNED,Germany
11845,C009,Liam O'Brien,liam.obrien@example.com,2026-02-14,P1005,Keyboard,5,46.0,PENDING,Canada
11846,C010,Yuki Tanaka,yuki.tanaka@example.com,2026-02-15,P1006,Webcam,1,59.99,COMPLETED,Australia
11847,C011,Maria Santos,maria.santos@example.com,2026-02-16,P1007,Headphones,2,89.5,CANCELLED,Japan
11848,C012,Omar Farouk,omar.farouk@example.com,2026-02-17,P1008,Desk Chair,3,176.0,RETURNED,Brazil
11849,C001,John Smith,john@example.com,2026-02-18,P1001,Laptop,4,750.0,PENDING,USA
11850,C002,Priya Sharma,priya.sharma@example.com,2026-02-19,P1002,Wireless Mouse,5,26.0,COMPLETED,India
11851,C003,Carlos Rivera,carlos.rivera@example.com,2026-02-20,P1003,USB-C Hub,1,40.99,CANCELLED,UK
11852,C004,Amina Hassan,amina.hassan@example.com,2026-02-21,P1004,Monitor,2,220.0,RETURNED,Germany
11853,C005,Wei Chen,wei.chen@example.com,2026-02-22,P1005,Keyboard,3,45.5,PENDING,Canada
11854,C006,Emma Wilson,emma.wilson@example.com,2026-02-23,P1006,Webcam,4,60.99,COMPLETED,Australia
11855,C007,Noah Patel,noah.patel@example.com,2026-02-24,P1007,Headphones,5,89.0,CANCELLED,Japan
11856,C008,Sofia Rossi,sofia.rossi@example.com,2026-02-25,P1008,Desk Chair,1,175.5,RETURNED,Brazil
11857,C009,Liam O'Brien,liam.obrien@example.com,2026-02-26,P1001,Laptop,2,751.0,PENDING,USA
11858,C010,Yuki Tanaka,yuki.tanaka@example.com,2026-02-27,P1002,Wireless Mouse,3,25.5,COMPLETED,India
11859,C011,Maria Santos,maria.santos@example.com,2026-02-28,P1003,USB-C Hub,4,40.49,CANCELLED,UK
11860,C012,Omar Farouk,omar.farouk@example.com,2026-03-01,P1004,Monitor,5,221.0,RETURNED,Germany
11861,C001,John Smith,john@example.com,2026-03-02,P1005,Keyboard,1,45.0,PENDING,Canada
11862,C002,Priya Sharma,priya.sharma@example.com,2026-03-03,P1006,Webcam,2,60.49,COMPLETED,Australia
11863,C003,Carlos Rivera,carlos.rivera@example.com,2026-03-04,P1007,Headphones,3,90.0,CANCELLED,Japan
11864,C004,Amina Hassan,amina.hassan@example.com,2026-03-05,P1008,Desk Chair,4,175.0,RETURNED,Brazil
11865,C005,Wei Chen,wei.chen@example.com,2026-03-06,P1001,Laptop,5,750.5,PENDING,USA
11866,C006,Emma Wilson,emma.wilson@example.com,2026-03-07,P1002,Wireless Mouse,1,26.5,COMPLETED,India
11867,C007,Noah Patel,noah.patel@example.com,2026-03-08,P1003,USB-C Hub,2,39.99,CANCELLED,UK
11868,C008,Sofia Rossi,sofia.rossi@example.com,2026-03-09,P1004,Monitor,3,220.5,RETURNED,Germany
11869,C009,Liam O'Brien,liam.obrien@example.com,2026-03-10,P1005,Keyboard,4,46.0,PENDING,Canada
11870,C010,Yuki Tanaka,yuki.tanaka@example.com,2026-03-11,P1006,Webcam,5,59.99,COMPLETED,Australia
11871,C011,Maria Santos,maria.santos@example.com,2026-03-12,P1007,Headphones,1,89.5,CANCELLED,Japan
11872,C012,Omar Farouk,omar.farouk@example.com,2026-03-13,P1008,Desk Chair,2,176.0,RETURNED,Brazil
11873,C001,John Smith,john@example.com,2026-03-14,P1001,Laptop,3,750.0,PENDING,USA
11874,C002,Priya Sharma,priya.sharma@example.com,2026-03-15,P1002,Wireless Mouse,4,26.0,COMPLETED,India
11875,C003,Carlos Rivera,carlos.rivera@example.com,2026-03-16,P1003,USB-C Hub,5,40.99,CANCELLED,UK
11876,C004,Amina Hassan,amina.hassan@example.com,2026-03-17,P1004,Monitor,1,220.0,RETURNED,Germany
11877,C005,Wei Chen,wei.chen@example.com,2026-03-18,P1005,Keyboard,2,45.5,PENDING,Canada
11878,C006,Emma Wilson,emma.wilson@example.com,2026-03-19,P1006,Webcam,3,60.99,COMPLETED,Australia
11879,C007,Noah Patel,noah.patel@example.com,2026-03-20,P1007,Headphones,4,89.0,CANCELLED,Japan
11880,C008,Sofia Rossi,sofia.rossi@example.com,2026-03-21,P1008,Desk Chair,5,175.5,RETURNED,Brazil
11881,C009,Liam O'Brien,liam.obrien@example.com,2026-03-22,P1001,Laptop,1,751.0,PENDING,USA
11882,C010,Yuki Tanaka,yuki.tanaka@example.com,2026-03-23,P1002,Wireless Mouse,2,25.5,COMPLETED,India
11883,C011,Maria Santos,maria.santos@example.com,2026-03-24,P1003,USB-C Hub,3,40.49,CANCELLED,UK
11884,C012,Omar Farouk,omar.farouk@example.com,2026-03-25,P1004,Monitor,4,221.0,RETURNED,Germany
11885,C001,John Smith,john@example.com,2026-03-26,P1005,Keyboard,5,45.0,PENDING,Canada
11886,C002,Priya Sharma,priya.sharma@example.com,2026-03-27,P1006,Webcam,1,60.49,COMPLETED,Australia
11887,C003,Carlos Rivera,carlos.rivera@example.com,2026-03-28,P1007,Headphones,2,90.0,CANCELLED,Japan
11888,C004,Amina Hassan,amina.hassan@example.com,2026-03-29,P1008,Desk Chair,3,175.0,RETURNED,Brazil
11889,C005,Wei Chen,wei.chen@example.com,2026-03-30,P1001,Laptop,4,750.5,PENDING,USA
11890,C006,Emma Wilson,emma.wilson@example.com,2026-03-31,P1002,Wireless Mouse,5,26.5,COMPLETED,India
11891,C007,Noah Patel,noah.patel@example.com,2026-04-01,P1003,USB-C Hub,1,39.99,CANCELLED,UK
11892,C008,Sofia Rossi,sofia.rossi@example.com,2026-04-02,P1004,Monitor,2,220.5,RETURNED,Germany
11893,C009,Liam O'Brien,liam.obrien@example.com,2026-04-03,P1005,Keyboard,3,46.0,PENDING,Canada
11894,C010,Yuki Tanaka,yuki.tanaka@example.com,2026-04-04,P1006,Webcam,4,59.99,COMPLETED,Australia
11895,C011,Maria Santos,maria.santos@example.com,2026-04-05,P1007,Headphones,5,89.5,CANCELLED,Japan
11896,C012,Omar Farouk,omar.farouk@example.com,2026-04-06,P1008,Desk Chair,1,176.0,RETURNED,Brazil
11897,C001,John Smith,john@example.com,2026-04-07,P1001,Laptop,2,750.0,PENDING,USA
11898,C002,Priya Sharma,priya.sharma@example.com,2026-04-08,P1002,Wireless Mouse,3,26.0,COMPLETED,India
11899,C003,Carlos Rivera,carlos.rivera@example.com,2026-04-09,P1003,USB-C Hub,4,40.99,CANCELLED,UK
11900,C004,Amina Hassan,amina.hassan@example.com,2026-04-10,P1004,Monitor,5,220.0,RETURNED,Germany
11901,C005,Wei Chen,wei.chen@example.com,2026-04-11,P1005,Keyboard,1,45.5,PENDING,Canada
11902,C006,Emma Wilson,emma.wilson@example.com,2026-04-12,P1006,Webcam,2,60.99,COMPLETED,Australia
11903,C007,Noah Patel,noah.patel@example.com,2026-04-13,P1007,Headphones,3,89.0,CANCELLED,Japan
11904,C008,Sofia Rossi,sofia.rossi@example.com,2026-04-14,P1008,Desk Chair,4,175.5,RETURNED,Brazil
11905,C009,Liam O'Brien,liam.obrien@example.com,2026-04-15,P1001,Laptop,5,751.0,PENDING,USA
11906,C010,Yuki Tanaka,yuki.tanaka@example.com,2026-04-16,P1002,Wireless Mouse,1,25.5,COMPLETED,India
11907,C011,Maria Santos,maria.santos@example.com,2026-04-17,P1003,USB-C Hub,2,40.49,CANCELLED,UK
11908,C012,Omar Farouk,omar.farouk@example.com,2026-04-18,P1004,Monitor,3,221.0,RETURNED,Germany
11909,C001,John Smith,john@example.com,2026-04-19,P1005,Keyboard,4,45.0,PENDING,Canada
11910,C002,Priya Sharma,priya.sharma@example.com,2026-04-20,P1006,Webcam,5,60.49,COMPLETED,Australia
11911,C003,Carlos Rivera,carlos.rivera@example.com,2026-04-21,P1007,Headphones,1,90.0,CANCELLED,Japan
11912,C004,Amina Hassan,amina.hassan@example.com,2026-04-22,P1008,Desk Chair,2,175.0,RETURNED,Brazil
11913,C005,Wei Chen,wei.chen@example.com,2026-04-23,P1001,Laptop,3,750.5,PENDING,USA
11914,C006,Emma Wilson,emma.wilson@example.com,2026-04-24,P1002,Wireless Mouse,4,26.5,COMPLETED,India
11915,C007,Noah Patel,noah.patel@example.com,2026-04-25,P1003,USB-C Hub,5,39.99,CANCELLED,UK
11916,C008,Sofia Rossi,sofia.rossi@example.com,2026-04-26,P1004,Monitor,1,220.5,RETURNED,Germany
11917,C009,Liam O'Brien,liam.obrien@example.com,2026-04-27,P1005,Keyboard,2,46.0,PENDING,Canada
11918,C010,Yuki Tanaka,yuki.tanaka@example.com,2026-04-28,P1006,Webcam,3,59.99,COMPLETED,Australia
11919,C011,Maria Santos,maria.santos@example.com,2026-04-29,P1007,Headphones,4,89.5,CANCELLED,Japan
11920,C012,Omar Farouk,omar.farouk@example.com,2026-04-30,P1008,Desk Chair,5,176.0,RETURNED,Brazil
11921,C001,John Smith,john@example.com,2026-05-01,P1001,Laptop,1,750.0,PENDING,USA
11922,C002,Priya Sharma,priya.sharma@example.com,2026-05-02,P1002,Wireless Mouse,2,26.0,COMPLETED,India
11923,C003,Carlos Rivera,carlos.rivera@example.com,2026-05-03,P1003,USB-C Hub,3,40.99,CANCELLED,UK
11924,C004,Amina Hassan,amina.hassan@example.com,2026-05-04,P1004,Monitor,4,220.0,RETURNED,Germany
11925,C005,Wei Chen,wei.chen@example.com,2026-05-05,P1005,Keyboard,5,45.5,PENDING,Canada
11926,C006,Emma Wilson,emma.wilson@example.com,2026-05-06,P1006,Webcam,1,60.99,COMPLETED,Australia
11927,C007,Noah Patel,noah.patel@example.com,2026-05-07,P1007,Headphones,2,89.0,CANCELLED,Japan
11928,C008,Sofia Rossi,sofia.rossi@example.com,2026-05-08,P1008,Desk Chair,3,175.5,RETURNED,Brazil
11929,C009,Liam O'Brien,liam.obrien@example.com,2026-05-09,P1001,Laptop,4,751.0,PENDING,USA
11930,C010,Yuki Tanaka,yuki.tanaka@example.com,2026-05-10,P1002,Wireless Mouse,5,25.5,COMPLETED,India
11931,C011,Maria Santos,maria.santos@example.com,2026-05-11,P1003,USB-C Hub,1,40.49,CANCELLED,UK
11932,C012,Omar Farouk,omar.farouk@example.com,2026-05-12,P1004,Monitor,2,221.0,RETURNED,Germany
11933,C001,John Smith,john@example.com,2026-05-13,P1005,Keyboard,3,45.0,PENDING,Canada
11934,C002,Priya Sharma,priya.sharma@example.com,2026-05-14,P1006,Webcam,4,60.49,COMPLETED,Australia
11935,C003,Carlos Rivera,carlos.rivera@example.com,2026-05-15,P1007,Headphones,5,90.0,CANCELLED,Japan
11936,C004,Amina Hassan,amina.hassan@example.com,2026-05-16,P1008,Desk Chair,1,175.0,RETURNED,Brazil
11937,C005,Wei Chen,wei.chen@example.com,2026-05-17,P1001,Laptop,2,750.5,PENDING,USA
11938,C006,Emma Wilson,emma.wilson@example.com,2026-05-18,P1002,Wireless Mouse,3,26.5,COMPLETED,India
11939,C007,Noah Patel,noah.patel@example.com,2026-05-19,P1003,USB-C Hub,4,39.99,CANCELLED,UK
11940,C008,Sofia Rossi,sofia.rossi@example.com,2026-05-20,P1004,Monitor,5,220.5,RETURNED,Germany
11941,C009,Liam O'Brien,liam.obrien@example.com,2026-05-21,P1005,Keyboard,1,46.0,PENDING,Canada
11942,C010,Yuki Tanaka,yuki.tanaka@example.com,2026-05-22,P1006,Webcam,2,59.99,COMPLETED,Australia
11943,C011,Maria Santos,maria.santos@example.com,2026-05-23,P1007,Headphones,3,89.5,CANCELLED,Japan
11944,C012,Omar Farouk,omar.farouk@example.com,2026-05-24,P1008,Desk Chair,4,176.0,RETURNED,Brazil
11945,C001,John Smith,john@example.com,2026-05-25,P1001,Laptop,5,750.0,PENDING,USA
11946,C002,Priya Sharma,priya.sharma@example.com,2026-05-26,P1002,Wireless Mouse,1,26.0,COMPLETED,India
11947,C003,Carlos Rivera,carlos.rivera@example.com,2026-05-27,P1003,USB-C Hub,2,40.99,CANCELLED,UK
11948,C004,Amina Hassan,amina.hassan@example.com,2026-05-28,P1004,Monitor,3,220.0,RETURNED,Germany
11949,C005,Wei Chen,wei.chen@example.com,2026-05-29,P1005,Keyboard,4,45.5,PENDING,Canada
11950,C006,Emma Wilson,emma.wilson@example.com,2026-05-30,P1006,Webcam,5,60.99,COMPLETED,Australia
11951,C007,Noah Patel,noah.patel@example.com,2026-05-31,P1007,Headphones,1,89.0,CANCELLED,Japan
11952,C008,Sofia Rossi,sofia.rossi@example.com,2026-06-01,P1008,Desk Chair,2,175.5,RETURNED,Brazil
11953,C009,Liam O'Brien,liam.obrien@example.com,2026-06-02,P1001,Laptop,3,751.0,PENDING,USA
11954,C010,Yuki Tanaka,yuki.tanaka@example.com,2026-06-03,P1002,Wireless Mouse,4,25.5,COMPLETED,India
11955,C011,Maria Santos,maria.santos@example.com,2026-06-04,P1003,USB-C Hub,5,40.49,CANCELLED,UK
11956,C012,Omar Farouk,omar.farouk@example.com,2026-06-05,P1004,Monitor,1,221.0,RETURNED,Germany
11957,C001,John Smith,john@example.com,2026-06-06,P1005,Keyboard,2,45.0,PENDING,Canada
11958,C002,Priya Sharma,priya.sharma@example.com,2026-06-07,P1006,Webcam,3,60.49,COMPLETED,Australia
11959,C003,Carlos Rivera,carlos.rivera@example.com,2026-06-08,P1007,Headphones,4,90.0,CANCELLED,Japan
11960,C004,Amina Hassan,amina.hassan@example.com,2026-06-09,P1008,Desk Chair,5,175.0,RETURNED,Brazil
11961,C005,Wei Chen,wei.chen@example.com,2026-06-10,P1001,Laptop,1,750.5,PENDING,USA
11962,C006,Emma Wilson,emma.wilson@example.com,2026-06-11,P1002,Wireless Mouse,2,26.5,COMPLETED,India
11963,C007,Noah Patel,noah.patel@example.com,2026-06-12,P1003,USB-C Hub,3,39.99,CANCELLED,UK
11964,C008,Sofia Rossi,sofia.rossi@example.com,2026-06-13,P1004,Monitor,4,220.5,RETURNED,Germany
11965,C009,Liam O'Brien,liam.obrien@example.com,2026-06-14,P1005,Keyboard,5,46.0,PENDING,Canada
11966,C010,Yuki Tanaka,yuki.tanaka@example.com,2026-06-15,P1006,Webcam,1,59.99,COMPLETED,Australia
11967,C011,Maria Santos,maria.santos@example.com,2026-06-16,P1007,Headphones,2,89.5,CANCELLED,Japan
11968,C012,Omar Farouk,omar.farouk@example.com,2026-06-17,P1008,Desk Chair,3,176.0,RETURNED,Brazil
11969,C001,John Smith,john@example.com,2026-06-18,P1001,Laptop,4,750.0,PENDING,USA
11970,C002,Priya Sharma,priya.sharma@example.com,2026-06-19,P1002,Wireless Mouse,5,26.0,COMPLETED,India
11971,C003,Carlos Rivera,carlos.rivera@example.com,2026-06-20,P1003,USB-C Hub,1,40.99,CANCELLED,UK
11972,C004,Amina Hassan,amina.hassan@example.com,2026-06-21,P1004,Monitor,2,220.0,RETURNED,Germany
11973,C005,Wei Chen,wei.chen@example.com,2026-06-22,P1005,Keyboard,3,45.5,PENDING,Canada
11974,C006,Emma Wilson,emma.wilson@example.com,2026-06-23,P1006,Webcam,4,60.99,COMPLETED,Australia
11975,C007,Noah Patel,noah.patel@example.com,2026-06-24,P1007,Headphones,5,89.0,CANCELLED,Japan
11976,C008,Sofia Rossi,sofia.rossi@example.com,2026-06-25,P1008,Desk Chair,1,175.5,RETURNED,Brazil
11977,C009,Liam O'Brien,liam.obrien@example.com,2026-06-26,P1001,Laptop,2,751.0,PENDING,USA
11978,C010,Yuki Tanaka,yuki.tanaka@example.com,2026-06-27,P1002,Wireless Mouse,3,25.5,COMPLETED,India
11979,C011,Maria Santos,maria.santos@example.com,2026-06-28,P1003,USB-C Hub,4,40.49,CANCELLED,UK
11980,C012,Omar Farouk,omar.farouk@example.com,2026-06-29,P1004,Monitor,5,221.0,RETURNED,Germany
11981,C001,John Smith,john@example.com,2026-06-30,P1005,Keyboard,1,45.0,PENDING,Canada
11982,C002,Priya Sharma,priya.sharma@example.com,2026-07-01,P1006,Webcam,2,60.49,COMPLETED,Australia
11983,C003,Carlos Rivera,carlos.rivera@example.com,2026-07-02,P1007,Headphones,3,90.0,CANCELLED,Japan
11984,C004,Amina Hassan,amina.hassan@example.com,2026-07-03,P1008,Desk Chair,4,175.0,RETURNED,Brazil
11985,C005,Wei Chen,wei.chen@example.com,2026-07-04,P1001,Laptop,5,750.5,PENDING,USA
11986,C006,Emma Wilson,emma.wilson@example.com,2026-07-05,P1002,Wireless Mouse,1,26.5,COMPLETED,India
11987,C007,Noah Patel,noah.patel@example.com,2026-07-06,P1003,USB-C Hub,2,39.99,CANCELLED,UK
11988,C008,Sofia Rossi,sofia.rossi@example.com,2026-07-07,P1004,Monitor,3,220.5,RETURNED,Germany
11989,C009,Liam O'Brien,liam.obrien@example.com,2026-07-08,P1005,Keyboard,4,46.0,PENDING,Canada
11990,C010,Yuki Tanaka,yuki.tanaka@example.com,2026-07-09,P1006,Webcam,5,59.99,COMPLETED,Australia
11991,C011,Maria Santos,maria.santos@example.com,2026-07-10,P1007,Headphones,1,89.5,CANCELLED,Japan
11992,C012,Omar Farouk,omar.farouk@example.com,2026-07-11,P1008,Desk Chair,2,176.0,RETURNED,Brazil
11993,C001,John Smith,john@example.com,2026-07-12,P1001,Laptop,3,750.0,PENDING,USA
11994,C002,Priya Sharma,priya.sharma@example.com,2026-07-13,P1002,Wireless Mouse,4,26.0,COMPLETED,India
11995,C003,Carlos Rivera,carlos.rivera@example.com,2026-07-14,P1003,USB-C Hub,5,40.99,CANCELLED,UK
11996,C004,Amina Hassan,amina.hassan@example.com,2026-07-15,P1004,Monitor,1,220.0,RETURNED,Germany
11997,C005,Wei Chen,wei.chen@example.com,2026-07-16,P1005,Keyboard,2,45.5,PENDING,Canada
11998,C006,Emma Wilson,emma.wilson@example.com,2026-07-17,P1006,Webcam,3,60.99,COMPLETED,Australia
11999,C007,Noah Patel,noah.patel@example.com,2026-07-18,P1007,Headphones,4,89.0,CANCELLED,Japan
12000,C008,Sofia Rossi,sofia.rossi@example.com,2026-07-19,P1008,Desk Chair,5,175.5,RETURNED,Brazil
12001,C009,Liam O'Brien,liam.obrien@example.com,2026-01-01,P1001,Laptop,1,751.0,PENDING,USA
12002,C010,Yuki Tanaka,yuki.tanaka@example.com,2026-01-02,P1002,Wireless Mouse,2,25.5,COMPLETED,India
12003,C011,Maria Santos,maria.santos@example.com,2026-01-03,P1003,USB-C Hub,3,40.49,CANCELLED,UK
12004,C012,Omar Farouk,omar.farouk@example.com,2026-01-04,P1004,Monitor,4,221.0,RETURNED,Germany
12005,C001,John Smith,john@example.com,2026-01-05,P1005,Keyboard,5,45.0,PENDING,Canada
12006,C002,Priya Sharma,priya.sharma@example.com,2026-01-06,P1006,Webcam,1,60.49,COMPLETED,Australia
12007,C003,Carlos Rivera,carlos.rivera@example.com,2026-01-07,P1007,Headphones,2,90.0,CANCELLED,Japan
12008,C004,Amina Hassan,amina.hassan@example.com,2026-01-08,P1008,Desk Chair,3,175.0,RETURNED,Brazil
12009,C005,Wei Chen,wei.chen@example.com,2026-01-09,P1001,Laptop,4,750.5,PENDING,USA
12010,C006,Emma Wilson,emma.wilson@example.com,2026-01-10,P1002,Wireless Mouse,5,26.5,COMPLETED,India
12011,C007,Noah Patel,noah.patel@example.com,2026-01-11,P1003,USB-C Hub,1,39.99,CANCELLED,UK
12012,C008,Sofia Rossi,sofia.rossi@example.com,2026-01-12,P1004,Monitor,2,220.5,RETURNED,Germany
12013,C009,Liam O'Brien,liam.obrien@example.com,2026-01-13,P1005,Keyboard,3,46.0,PENDING,Canada
12014,C010,Yuki Tanaka,yuki.tanaka@example.com,2026-01-14,P1006,Webcam,4,59.99,COMPLETED,Australia
12015,C011,Maria Santos,maria.santos@example.com,2026-01-15,P1007,Headphones,5,89.5,CANCELLED,Japan
12016,C012,Omar Farouk,omar.farouk@example.com,2026-01-16,P1008,Desk Chair,1,176.0,RETURNED,Brazil
12017,C001,John Smith,john@example.com,2026-01-17,P1001,Laptop,2,750.0,PENDING,USA
12018,C002,Priya Sharma,priya.sharma@example.com,2026-01-18,P1002,Wireless Mouse,3,26.0,COMPLETED,India
12019,C003,Carlos Rivera,carlos.rivera@example.com,2026-01-19,P1003,USB-C Hub,4,40.99,CANCELLED,UK
12020,C004,Amina Hassan,amina.hassan@example.com,2026-01-20,P1004,Monitor,5,220.0,RETURNED,Germany
12021,C005,Wei Chen,wei.chen@example.com,2026-01-21,P1005,Keyboard,1,45.5,PENDING,Canada
12022,C006,Emma Wilson,emma.wilson@example.com,2026-01-22,P1006,Webcam,2,60.99,COMPLETED,Australia
12023,C007,Noah Patel,noah.patel@example.com,2026-01-23,P1007,Headphones,3,89.0,CANCELLED,Japan
12024,C008,Sofia Rossi,sofia.rossi@example.com,2026-01-24,P1008,Desk Chair,4,175.5,RETURNED,Brazil
12025,C009,Liam O'Brien,liam.obrien@example.com,2026-01-25,P1001,Laptop,5,751.0,PENDING,USA
12026,C010,Yuki Tanaka,yuki.tanaka@example.com,2026-01-26,P1002,Wireless Mouse,1,25.5,COMPLETED,India
12027,C011,Maria Santos,maria.santos@example.com,2026-01-27,P1003,USB-C Hub,2,40.49,CANCELLED,UK
12028,C012,Omar Farouk,omar.farouk@example.com,2026-01-28,P1004,Monitor,3,221.0,RETURNED,Germany
12029,C001,John Smith,john@example.com,2026-01-29,P1005,Keyboard,4,45.0,PENDING,Canada
12030,C002,Priya Sharma,priya.sharma@example.com,2026-01-30,P1006,Webcam,5,60.49,COMPLETED,Australia
12031,C003,Carlos Rivera,carlos.rivera@example.com,2026-01-31,P1007,Headphones,1,90.0,CANCELLED,Japan
12032,C004,Amina Hassan,amina.hassan@example.com,2026-02-01,P1008,Desk Chair,2,175.0,RETURNED,Brazil
12033,C005,Wei Chen,wei.chen@example.com,2026-02-02,P1001,Laptop,3,750.5,PENDING,USA
12034,C006,Emma Wilson,emma.wilson@example.com,2026-02-03,P1002,Wireless Mouse,4,26.5,COMPLETED,India
12035,C007,Noah Patel,noah.patel@example.com,2026-02-04,P1003,USB-C Hub,5,39.99,CANCELLED,UK
12036,C008,Sofia Rossi,sofia.rossi@example.com,2026-02-05,P1004,Monitor,1,220.5,RETURNED,Germany
12037,C009,Liam O'Brien,liam.obrien@example.com,2026-02-06,P1005,Keyboard,2,46.0,PENDING,Canada
12038,C010,Yuki Tanaka,yuki.tanaka@example.com,2026-02-07,P1006,Webcam,3,59.99,COMPLETED,Australia
12039,C011,Maria Santos,maria.santos@example.com,2026-02-08,P1007,Headphones,4,89.5,CANCELLED,Japan
12040,C012,Omar Farouk,omar.farouk@example.com,2026-02-09,P1008,Desk Chair,5,176.0,RETURNED,Brazil
12041,C001,John Smith,john@example.com,2026-02-10,P1001,Laptop,1,750.0,PENDING,USA
12042,C002,Priya Sharma,priya.sharma@example.com,2026-02-11,P1002,Wireless Mouse,2,26.0,COMPLETED,India
12043,C003,Carlos Rivera,carlos.rivera@example.com,2026-02-12,P1003,USB-C Hub,3,40.99,CANCELLED,UK
12044,C004,Amina Hassan,amina.hassan@example.com,2026-02-13,P1004,Monitor,4,220.0,RETURNED,Germany
12045,C005,Wei Chen,wei.chen@example.com,2026-02-14,P1005,Keyboard,5,45.5,PENDING,Canada
12046,C006,Emma Wilson,emma.wilson@example.com,2026-02-15,P1006,Webcam,1,60.99,COMPLETED,Australia
12047,C007,Noah Patel,noah.patel@example.com,2026-02-16,P1007,Headphones,2,89.0,CANCELLED,Japan
12048,C008,Sofia Rossi,sofia.rossi@example.com,2026-02-17,P1008,Desk Chair,3,175.5,RETURNED,Brazil
12049,C009,Liam O'Brien,liam.obrien@example.com,2026-02-18,P1001,Laptop,4,751.0,PENDING,USA
12050,C010,Yuki Tanaka,yuki.tanaka@example.com,2026-02-19,P1002,Wireless Mouse,5,25.5,COMPLETED,India
12051,C011,Maria Santos,maria.santos@example.com,2026-02-20,P1003,USB-C Hub,1,40.49,CANCELLED,UK
12052,C012,Omar Farouk,omar.farouk@example.com,2026-02-21,P1004,Monitor,2,221.0,RETURNED,Germany
12053,C001,John Smith,john@example.com,2026-02-22,P1005,Keyboard,3,45.0,PENDING,Canada
12054,C002,Priya Sharma,priya.sharma@example.com,2026-02-23,P1006,Webcam,4,60.49,COMPLETED,Australia
12055,C003,Carlos Rivera,carlos.rivera@example.com,2026-02-24,P1007,Headphones,5,90.0,CANCELLED,Japan
12056,C004,Amina Hassan,amina.hassan@example.com,2026-02-25,P1008,Desk Chair,1,175.0,RETURNED,Brazil
12057,C005,Wei Chen,wei.chen@example.com,2026-02-26,P1001,Laptop,2,750.5,PENDING,USA
12058,C006,Emma Wilson,emma.wilson@example.com,2026-02-27,P1002,Wireless Mouse,3,26.5,COMPLETED,India
12059,C007,Noah Patel,noah.patel@example.com,2026-02-28,P1003,USB-C Hub,4,39.99,CANCELLED,UK
12060,C008,Sofia Rossi,sofia.rossi@example.com,2026-03-01,P1004,Monitor,5,220.5,RETURNED,Germany
12061,C009,Liam O'Brien,liam.obrien@example.com,2026-03-02,P1005,Keyboard,1,46.0,PENDING,Canada
12062,C010,Yuki Tanaka,yuki.tanaka@example.com,2026-03-03,P1006,Webcam,2,59.99,COMPLETED,Australia
12063,C011,Maria Santos,maria.santos@example.com,2026-03-04,P1007,Headphones,3,89.5,CANCELLED,Japan
12064,C012,Omar Farouk,omar.farouk@example.com,2026-03-05,P1008,Desk Chair,4,176.0,RETURNED,Brazil
12065,C001,John Smith,john@example.com,2026-03-06,P1001,Laptop,5,750.0,PENDING,USA
12066,C002,Priya Sharma,priya.sharma@example.com,2026-03-07,P1002,Wireless Mouse,1,26.0,COMPLETED,India
12067,C003,Carlos Rivera,carlos.rivera@example.com,2026-03-08,P1003,USB-C Hub,2,40.99,CANCELLED,UK
12068,C004,Amina Hassan,amina.hassan@example.com,2026-03-09,P1004,Monitor,3,220.0,RETURNED,Germany
12069,C005,Wei Chen,wei.chen@example.com,2026-03-10,P1005,Keyboard,4,45.5,PENDING,Canada
12070,C006,Emma Wilson,emma.wilson@example.com,2026-03-11,P1006,Webcam,5,60.99,COMPLETED,Australia
12071,C007,Noah Patel,noah.patel@example.com,2026-03-12,P1007,Headphones,1,89.0,CANCELLED,Japan
12072,C008,Sofia Rossi,sofia.rossi@example.com,2026-03-13,P1008,Desk Chair,2,175.5,RETURNED,Brazil
12073,C009,Liam O'Brien,liam.obrien@example.com,2026-03-14,P1001,Laptop,3,751.0,PENDING,USA
12074,C010,Yuki Tanaka,yuki.tanaka@example.com,2026-03-15,P1002,Wireless Mouse,4,25.5,COMPLETED,India
12075,C011,Maria Santos,maria.santos@example.com,2026-03-16,P1003,USB-C Hub,5,40.49,CANCELLED,UK
12076,C012,Omar Farouk,omar.farouk@example.com,2026-03-17,P1004,Monitor,1,221.0,RETURNED,Germany
12077,C001,John Smith,john@example.com,2026-03-18,P1005,Keyboard,2,45.0,PENDING,Canada
12078,C002,Priya Sharma,priya.sharma@example.com,2026-03-19,P1006,Webcam,3,60.49,COMPLETED,Australia
12079,C003,Carlos Rivera,carlos.rivera@example.com,2026-03-20,P1007,Headphones,4,90.0,CANCELLED,Japan
12080,C004,Amina Hassan,amina.hassan@example.com,2026-03-21,P1008,Desk Chair,5,175.0,RETURNED,Brazil
12081,C005,Wei Chen,wei.chen@example.com,2026-03-22,P1001,Laptop,1,750.5,PENDING,USA
12082,C006,Emma Wilson,emma.wilson@example.com,2026-03-23,P1002,Wireless Mouse,2,26.5,COMPLETED,India
12083,C007,Noah Patel,noah.patel@example.com,2026-03-24,P1003,USB-C Hub,3,39.99,CANCELLED,UK
12084,C008,Sofia Rossi,sofia.rossi@example.com,2026-03-25,P1004,Monitor,4,220.5,RETURNED,Germany
12085,C009,Liam O'Brien,liam.obrien@example.com,2026-03-26,P1005,Keyboard,5,46.0,PENDING,Canada
12086,C010,Yuki Tanaka,yuki.tanaka@example.com,2026-03-27,P1006,Webcam,1,59.99,COMPLETED,Australia
12087,C011,Maria Santos,maria.santos@example.com,2026-03-28,P1007,Headphones,2,89.5,CANCELLED,Japan
12088,C012,Omar Farouk,omar.farouk@example.com,2026-03-29,P1008,Desk Chair,3,176.0,RETURNED,Brazil
12089,C001,John Smith,john@example.com,2026-03-30,P1001,Laptop,4,750.0,PENDING,USA
12090,C002,Priya Sharma,priya.sharma@example.com,2026-03-31,P1002,Wireless Mouse,5,26.0,COMPLETED,India
12091,C003,Carlos Rivera,carlos.rivera@example.com,2026-04-01,P1003,USB-C Hub,1,40.99,CANCELLED,UK
12092,C004,Amina Hassan,amina.hassan@example.com,2026-04-02,P1004,Monitor,2,220.0,RETURNED,Germany
12093,C005,Wei Chen,wei.chen@example.com,2026-04-03,P1005,Keyboard,3,45.5,PENDING,Canada
12094,C006,Emma Wilson,emma.wilson@example.com,2026-04-04,P1006,Webcam,4,60.99,COMPLETED,Australia
12095,C007,Noah Patel,noah.patel@example.com,2026-04-05,P1007,Headphones,5,89.0,CANCELLED,Japan
12096,C008,Sofia Rossi,sofia.rossi@example.com,2026-04-06,P1008,Desk Chair,1,175.5,RETURNED,Brazil
12097,C009,Liam O'Brien,liam.obrien@example.com,2026-04-07,P1001,Laptop,2,751.0,PENDING,USA
12098,C010,Yuki Tanaka,yuki.tanaka@example.com,2026-04-08,P1002,Wireless Mouse,3,25.5,COMPLETED,India
12099,C011,Maria Santos,maria.santos@example.com,2026-04-09,P1003,USB-C Hub,4,40.49,CANCELLED,UK
12100,C012,Omar Farouk,omar.farouk@example.com,2026-04-10,P1004,Monitor,5,221.0,RETURNED,Germany
12101,C001,John Smith,john@example.com,2026-04-11,P1005,Keyboard,1,45.0,PENDING,Canada
12102,C002,Priya Sharma,priya.sharma@example.com,2026-04-12,P1006,Webcam,2,60.49,COMPLETED,Australia
12103,C003,Carlos Rivera,carlos.rivera@example.com,2026-04-13,P1007,Headphones,3,90.0,CANCELLED,Japan
12104,C004,Amina Hassan,amina.hassan@example.com,2026-04-14,P1008,Desk Chair,4,175.0,RETURNED,Brazil
12105,C005,Wei Chen,wei.chen@example.com,2026-04-15,P1001,Laptop,5,750.5,PENDING,USA
12106,C006,Emma Wilson,emma.wilson@example.com,2026-04-16,P1002,Wireless Mouse,1,26.5,COMPLETED,India
12107,C007,Noah Patel,noah.patel@example.com,2026-04-17,P1003,USB-C Hub,2,39.99,CANCELLED,UK
12108,C008,Sofia Rossi,sofia.rossi@example.com,2026-04-18,P1004,Monitor,3,220.5,RETURNED,Germany
12109,C009,Liam O'Brien,liam.obrien@example.com,2026-04-19,P1005,Keyboard,4,46.0,PENDING,Canada
12110,C010,Yuki Tanaka,yuki.tanaka@example.com,2026-04-20,P1006,Webcam,5,59.99,COMPLETED,Australia
12111,C011,Maria Santos,maria.santos@example.com,2026-04-21,P1007,Headphones,1,89.5,CANCELLED,Japan
12112,C012,Omar Farouk,omar.farouk@example.com,2026-04-22,P1008,Desk Chair,2,176.0,RETURNED,Brazil
12113,C001,John Smith,john@example.com,2026-04-23,P1001,Laptop,3,750.0,PENDING,USA
12114,C002,Priya Sharma,priya.sharma@example.com,2026-04-24,P1002,Wireless Mouse,4,26.0,COMPLETED,India
12115,C003,Carlos Rivera,carlos.rivera@example.com,2026-04-25,P1003,USB-C Hub,5,40.99,CANCELLED,UK
12116,C004,Amina Hassan,amina.hassan@example.com,2026-04-26,P1004,Monitor,1,220.0,RETURNED,Germany
12117,C005,Wei Chen,wei.chen@example.com,2026-04-27,P1005,Keyboard,2,45.5,PENDING,Canada
12118,C006,Emma Wilson,emma.wilson@example.com,2026-04-28,P1006,Webcam,3,60.99,COMPLETED,Australia
12119,C007,Noah Patel,noah.patel@example.com,2026-04-29,P1007,Headphones,4,89.0,CANCELLED,Japan
12120,C008,Sofia Rossi,sofia.rossi@example.com,2026-04-30,P1008,Desk Chair,5,175.5,RETURNED,Brazil
12121,C009,Liam O'Brien,liam.obrien@example.com,2026-05-01,P1001,Laptop,1,751.0,PENDING,USA
12122,C010,Yuki Tanaka,yuki.tanaka@example.com,2026-05-02,P1002,Wireless Mouse,2,25.5,COMPLETED,India
12123,C011,Maria Santos,maria.santos@example.com,2026-05-03,P1003,USB-C Hub,3,40.49,CANCELLED,UK
12124,C012,Omar Farouk,omar.farouk@example.com,2026-05-04,P1004,Monitor,4,221.0,RETURNED,Germany
12125,C001,John Smith,john@example.com,2026-05-05,P1005,Keyboard,5,45.0,PENDING,Canada
12126,C002,Priya Sharma,priya.sharma@example.com,2026-05-06,P1006,Webcam,1,60.49,COMPLETED,Australia
12127,C003,Carlos Rivera,carlos.rivera@example.com,2026-05-07,P1007,Headphones,2,90.0,CANCELLED,Japan
12128,C004,Amina Hassan,amina.hassan@example.com,2026-05-08,P1008,Desk Chair,3,175.0,RETURNED,Brazil
12129,C005,Wei Chen,wei.chen@example.com,2026-05-09,P1001,Laptop,4,750.5,PENDING,USA
12130,C006,Emma Wilson,emma.wilson@example.com,2026-05-10,P1002,Wireless Mouse,5,26.5,COMPLETED,India
12131,C007,Noah Patel,noah.patel@example.com,2026-05-11,P1003,USB-C Hub,1,39.99,CANCELLED,UK
12132,C008,Sofia Rossi,sofia.rossi@example.com,2026-05-12,P1004,Monitor,2,220.5,RETURNED,Germany
12133,C009,Liam O'Brien,liam.obrien@example.com,2026-05-13,P1005,Keyboard,3,46.0,PENDING,Canada
12134,C010,Yuki Tanaka,yuki.tanaka@example.com,2026-05-14,P1006,Webcam,4,59.99,COMPLETED,Australia
12135,C011,Maria Santos,maria.santos@example.com,2026-05-15,P1007,Headphones,5,89.5,CANCELLED,Japan
12136,C012,Omar Farouk,omar.farouk@example.com,2026-05-16,P1008,Desk Chair,1,176.0,RETURNED,Brazil
12137,C001,John Smith,john@example.com,2026-05-17,P1001,Laptop,2,750.0,PENDING,USA
12138,C002,Priya Sharma,priya.sharma@example.com,2026-05-18,P1002,Wireless Mouse,3,26.0,COMPLETED,India
12139,C003,Carlos Rivera,carlos.rivera@example.com,2026-05-19,P1003,USB-C Hub,4,40.99,CANCELLED,UK
12140,C004,Amina Hassan,amina.hassan@example.com,2026-05-20,P1004,Monitor,5,220.0,RETURNED,Germany
12141,C005,Wei Chen,wei.chen@example.com,2026-05-21,P1005,Keyboard,1,45.5,PENDING,Canada
12142,C006,Emma Wilson,emma.wilson@example.com,2026-05-22,P1006,Webcam,2,60.99,COMPLETED,Australia
12143,C007,Noah Patel,noah.patel@example.com,2026-05-23,P1007,Headphones,3,89.0,CANCELLED,Japan
12144,C008,Sofia Rossi,sofia.rossi@example.com,2026-05-24,P1008,Desk Chair,4,175.5,RETURNED,Brazil
12145,C009,Liam O'Brien,liam.obrien@example.com,2026-05-25,P1001,Laptop,5,751.0,PENDING,USA
12146,C010,Yuki Tanaka,yuki.tanaka@example.com,2026-05-26,P1002,Wireless Mouse,1,25.5,COMPLETED,India
12147,C011,Maria Santos,maria.santos@example.com,2026-05-27,P1003,USB-C Hub,2,40.49,CANCELLED,UK
12148,C012,Omar Farouk,omar.farouk@example.com,2026-05-28,P1004,Monitor,3,221.0,RETURNED,Germany
12149,C001,John Smith,john@example.com,2026-05-29,P1005,Keyboard,4,45.0,PENDING,Canada
12150,C002,Priya Sharma,priya.sharma@example.com,2026-05-30,P1006,Webcam,5,60.49,COMPLETED,Australia
12151,C003,Carlos Rivera,carlos.rivera@example.com,2026-05-31,P1007,Headphones,1,90.0,CANCELLED,Japan
12152,C004,Amina Hassan,amina.hassan@example.com,2026-06-01,P1008,Desk Chair,2,175.0,RETURNED,Brazil
12153,C005,Wei Chen,wei.chen@example.com,2026-06-02,P1001,Laptop,3,750.5,PENDING,USA
12154,C006,Emma Wilson,emma.wilson@example.com,2026-06-03,P1002,Wireless Mouse,4,26.5,COMPLETED,India
12155,C007,Noah Patel,noah.patel@example.com,2026-06-04,P1003,USB-C Hub,5,39.99,CANCELLED,UK
12156,C008,Sofia Rossi,sofia.rossi@example.com,2026-06-05,P1004,Monitor,1,220.5,RETURNED,Germany
12157,C009,Liam O'Brien,liam.obrien@example.com,2026-06-06,P1005,Keyboard,2,46.0,PENDING,Canada
12158,C010,Yuki Tanaka,yuki.tanaka@example.com,2026-06-07,P1006,Webcam,3,59.99,COMPLETED,Australia
12159,C011,Maria Santos,maria.santos@example.com,2026-06-08,P1007,Headphones,4,89.5,CANCELLED,Japan
12160,C012,Omar Farouk,omar.farouk@example.com,2026-06-09,P1008,Desk Chair,5,176.0,RETURNED,Brazil
12161,C001,John Smith,john@example.com,2026-06-10,P1001,Laptop,1,750.0,PENDING,USA
12162,C002,Priya Sharma,priya.sharma@example.com,2026-06-11,P1002,Wireless Mouse,2,26.0,COMPLETED,India
12163,C003,Carlos Rivera,carlos.rivera@example.com,2026-06-12,P1003,USB-C Hub,3,40.99,CANCELLED,UK
12164,C004,Amina Hassan,amina.hassan@example.com,2026-06-13,P1004,Monitor,4,220.0,RETURNED,Germany
12165,C005,Wei Chen,wei.chen@example.com,2026-06-14,P1005,Keyboard,5,45.5,PENDING,Canada
12166,C006,Emma Wilson,emma.wilson@example.com,2026-06-15,P1006,Webcam,1,60.99,COMPLETED,Australia
12167,C007,Noah Patel,noah.patel@example.com,2026-06-16,P1007,Headphones,2,89.0,CANCELLED,Japan
12168,C008,Sofia Rossi,sofia.rossi@example.com,2026-06-17,P1008,Desk Chair,3,175.5,RETURNED,Brazil
12169,C009,Liam O'Brien,liam.obrien@example.com,2026-06-18,P1001,Laptop,4,751.0,PENDING,USA
12170,C010,Yuki Tanaka,yuki.tanaka@example.com,2026-06-19,P1002,Wireless Mouse,5,25.5,COMPLETED,India
12171,C011,Maria Santos,maria.santos@example.com,2026-06-20,P1003,USB-C Hub,1,40.49,CANCELLED,UK
12172,C012,Omar Farouk,omar.farouk@example.com,2026-06-21,P1004,Monitor,2,221.0,RETURNED,Germany
12173,C001,John Smith,john@example.com,2026-06-22,P1005,Keyboard,3,45.0,PENDING,Canada
12174,C002,Priya Sharma,priya.sharma@example.com,2026-06-23,P1006,Webcam,4,60.49,COMPLETED,Australia
12175,C003,Carlos Rivera,carlos.rivera@example.com,2026-06-24,P1007,Headphones,5,90.0,CANCELLED,Japan
12176,C004,Amina Hassan,amina.hassan@example.com,2026-06-25,P1008,Desk Chair,1,175.0,RETURNED,Brazil
12177,C005,Wei Chen,wei.chen@example.com,2026-06-26,P1001,Laptop,2,750.5,PENDING,USA
12178,C006,Emma Wilson,emma.wilson@example.com,2026-06-27,P1002,Wireless Mouse,3,26.5,COMPLETED,India
12179,C007,Noah Patel,noah.patel@example.com,2026-06-28,P1003,USB-C Hub,4,39.99,CANCELLED,UK
12180,C008,Sofia Rossi,sofia.rossi@example.com,2026-06-29,P1004,Monitor,5,220.5,RETURNED,Germany
12181,C009,Liam O'Brien,liam.obrien@example.com,2026-06-30,P1005,Keyboard,1,46.0,PENDING,Canada
12182,C010,Yuki Tanaka,yuki.tanaka@example.com,2026-07-01,P1006,Webcam,2,59.99,COMPLETED,Australia
12183,C011,Maria Santos,maria.santos@example.com,2026-07-02,P1007,Headphones,3,89.5,CANCELLED,Japan
12184,C012,Omar Farouk,omar.farouk@example.com,2026-07-03,P1008,Desk Chair,4,176.0,RETURNED,Brazil
12185,C001,John Smith,john@example.com,2026-07-04,P1001,Laptop,5,750.0,PENDING,USA
12186,C002,Priya Sharma,priya.sharma@example.com,2026-07-05,P1002,Wireless Mouse,1,26.0,COMPLETED,India
12187,C003,Carlos Rivera,carlos.rivera@example.com,2026-07-06,P1003,USB-C Hub,2,40.99,CANCELLED,UK
12188,C004,Amina Hassan,amina.hassan@example.com,2026-07-07,P1004,Monitor,3,220.0,RETURNED,Germany
12189,C005,Wei Chen,wei.chen@example.com,2026-07-08,P1005,Keyboard,4,45.5,PENDING,Canada
12190,C006,Emma Wilson,emma.wilson@example.com,2026-07-09,P1006,Webcam,5,60.99,COMPLETED,Australia
12191,C007,Noah Patel,noah.patel@example.com,2026-07-10,P1007,Headphones,1,89.0,CANCELLED,Japan
12192,C008,Sofia Rossi,sofia.rossi@example.com,2026-07-11,P1008,Desk Chair,2,175.5,RETURNED,Brazil
12193,C009,Liam O'Brien,liam.obrien@example.com,2026-07-12,P1001,Laptop,3,751.0,PENDING,USA
12194,C010,Yuki Tanaka,yuki.tanaka@example.com,2026-07-13,P1002,Wireless Mouse,4,25.5,COMPLETED,India
12195,C011,Maria Santos,maria.santos@example.com,2026-07-14,P1003,USB-C Hub,5,40.49,CANCELLED,UK
12196,C012,Omar Farouk,omar.farouk@example.com,2026-07-15,P1004,Monitor,1,221.0,RETURNED,Germany
12197,C001,John Smith,john@example.com,2026-07-16,P1005,Keyboard,2,45.0,PENDING,Canada
12198,C002,Priya Sharma,priya.sharma@example.com,2026-07-17,P1006,Webcam,3,60.49,COMPLETED,Australia
12199,C003,Carlos Rivera,carlos.rivera@example.com,2026-07-18,P1007,Headphones,4,90.0,CANCELLED,Japan
12200,C004,Amina Hassan,amina.hassan@example.com,2026-07-19,P1008,Desk Chair,5,175.0,RETURNED,Brazil
12201,C005,Wei Chen,wei.chen@example.com,2026-01-01,P1001,Laptop,1,750.5,PENDING,USA
12202,C006,Emma Wilson,emma.wilson@example.com,2026-01-02,P1002,Wireless Mouse,2,26.5,COMPLETED,India
12203,C007,Noah Patel,noah.patel@example.com,2026-01-03,P1003,USB-C Hub,3,39.99,CANCELLED,UK
12204,C008,Sofia Rossi,sofia.rossi@example.com,2026-01-04,P1004,Monitor,4,220.5,RETURNED,Germany
12205,C009,Liam O'Brien,liam.obrien@example.com,2026-01-05,P1005,Keyboard,5,46.0,PENDING,Canada
12206,C010,Yuki Tanaka,yuki.tanaka@example.com,2026-01-06,P1006,Webcam,1,59.99,COMPLETED,Australia
12207,C011,Maria Santos,maria.santos@example.com,2026-01-07,P1007,Headphones,2,89.5,CANCELLED,Japan
12208,C012,Omar Farouk,omar.farouk@example.com,2026-01-08,P1008,Desk Chair,3,176.0,RETURNED,Brazil
12209,C001,John Smith,john@example.com,2026-01-09,P1001,Laptop,4,750.0,PENDING,USA
12210,C002,Priya Sharma,priya.sharma@example.com,2026-01-10,P1002,Wireless Mouse,5,26.0,COMPLETED,India
12211,C003,Carlos Rivera,carlos.rivera@example.com,2026-01-11,P1003,USB-C Hub,1,40.99,CANCELLED,UK
12212,C004,Amina Hassan,amina.hassan@example.com,2026-01-12,P1004,Monitor,2,220.0,RETURNED,Germany
12213,C005,Wei Chen,wei.chen@example.com,2026-01-13,P1005,Keyboard,3,45.5,PENDING,Canada
12214,C006,Emma Wilson,emma.wilson@example.com,2026-01-14,P1006,Webcam,4,60.99,COMPLETED,Australia
12215,C007,Noah Patel,noah.patel@example.com,2026-01-15,P1007,Headphones,5,89.0,CANCELLED,Japan
12216,C008,Sofia Rossi,sofia.rossi@example.com,2026-01-16,P1008,Desk Chair,1,175.5,RETURNED,Brazil
12217,C009,Liam O'Brien,liam.obrien@example.com,2026-01-17,P1001,Laptop,2,751.0,PENDING,USA
12218,C010,Yuki Tanaka,yuki.tanaka@example.com,2026-01-18,P1002,Wireless Mouse,3,25.5,COMPLETED,India
12219,C011,Maria Santos,maria.santos@example.com,2026-01-19,P1003,USB-C Hub,4,40.49,CANCELLED,UK
12220,C012,Omar Farouk,omar.farouk@example.com,2026-01-20,P1004,Monitor,5,221.0,RETURNED,Germany
12221,C001,John Smith,john@example.com,2026-01-21,P1005,Keyboard,1,45.0,PENDING,Canada
12222,C002,Priya Sharma,priya.sharma@example.com,2026-01-22,P1006,Webcam,2,60.49,COMPLETED,Australia
12223,C003,Carlos Rivera,carlos.rivera@example.com,2026-01-23,P1007,Headphones,3,90.0,CANCELLED,Japan
12224,C004,Amina Hassan,amina.hassan@example.com,2026-01-24,P1008,Desk Chair,4,175.0,RETURNED,Brazil
12225,C005,Wei Chen,wei.chen@example.com,2026-01-25,P1001,Laptop,5,750.5,PENDING,USA
12226,C006,Emma Wilson,emma.wilson@example.com,2026-01-26,P1002,Wireless Mouse,1,26.5,COMPLETED,India
12227,C007,Noah Patel,noah.patel@example.com,2026-01-27,P1003,USB-C Hub,2,39.99,CANCELLED,UK
12228,C008,Sofia Rossi,sofia.rossi@example.com,2026-01-28,P1004,Monitor,3,220.5,RETURNED,Germany
12229,C009,Liam O'Brien,liam.obrien@example.com,2026-01-29,P1005,Keyboard,4,46.0,PENDING,Canada
12230,C010,Yuki Tanaka,yuki.tanaka@example.com,2026-01-30,P1006,Webcam,5,59.99,COMPLETED,Australia
12231,C011,Maria Santos,maria.santos@example.com,2026-01-31,P1007,Headphones,1,89.5,CANCELLED,Japan
12232,C012,Omar Farouk,omar.farouk@example.com,2026-02-01,P1008,Desk Chair,2,176.0,RETURNED,Brazil
12233,C001,John Smith,john@example.com,2026-02-02,P1001,Laptop,3,750.0,PENDING,USA
12234,C002,Priya Sharma,priya.sharma@example.com,2026-02-03,P1002,Wireless Mouse,4,26.0,COMPLETED,India
12235,C003,Carlos Rivera,carlos.rivera@example.com,2026-02-04,P1003,USB-C Hub,5,40.99,CANCELLED,UK
12236,C004,Amina Hassan,amina.hassan@example.com,2026-02-05,P1004,Monitor,1,220.0,RETURNED,Germany
12237,C005,Wei Chen,wei.chen@example.com,2026-02-06,P1005,Keyboard,2,45.5,PENDING,Canada
12238,C006,Emma Wilson,emma.wilson@example.com,2026-02-07,P1006,Webcam,3,60.99,COMPLETED,Australia
12239,C007,Noah Patel,noah.patel@example.com,2026-02-08,P1007,Headphones,4,89.0,CANCELLED,Japan
12240,C008,Sofia Rossi,sofia.rossi@example.com,2026-02-09,P1008,Desk Chair,5,175.5,RETURNED,Brazil
12241,C009,Liam O'Brien,liam.obrien@example.com,2026-02-10,P1001,Laptop,1,751.0,PENDING,USA
12242,C010,Yuki Tanaka,yuki.tanaka@example.com,2026-02-11,P1002,Wireless Mouse,2,25.5,COMPLETED,India
12243,C011,Maria Santos,maria.santos@example.com,2026-02-12,P1003,USB-C Hub,3,40.49,CANCELLED,UK
12244,C012,Omar Farouk,omar.farouk@example.com,2026-02-13,P1004,Monitor,4,221.0,RETURNED,Germany
12245,C001,John Smith,john@example.com,2026-02-14,P1005,Keyboard,5,45.0,PENDING,Canada
12246,C002,Priya Sharma,priya.sharma@example.com,2026-02-15,P1006,Webcam,1,60.49,COMPLETED,Australia
12247,C003,Carlos Rivera,carlos.rivera@example.com,2026-02-16,P1007,Headphones,2,90.0,CANCELLED,Japan
12248,C004,Amina Hassan,amina.hassan@example.com,2026-02-17,P1008,Desk Chair,3,175.0,RETURNED,Brazil
12249,C005,Wei Chen,wei.chen@example.com,2026-02-18,P1001,Laptop,4,750.5,PENDING,USA
12250,C006,Emma Wilson,emma.wilson@example.com,2026-02-19,P1002,Wireless Mouse,5,26.5,COMPLETED,India
12251,C007,Noah Patel,noah.patel@example.com,2026-02-20,P1003,USB-C Hub,1,39.99,CANCELLED,UK
12252,C008,Sofia Rossi,sofia.rossi@example.com,2026-02-21,P1004,Monitor,2,220.5,RETURNED,Germany
12253,C009,Liam O'Brien,liam.obrien@example.com,2026-02-22,P1005,Keyboard,3,46.0,PENDING,Canada
12254,C010,Yuki Tanaka,yuki.tanaka@example.com,2026-02-23,P1006,Webcam,4,59.99,COMPLETED,Australia
12255,C011,Maria Santos,maria.santos@example.com,2026-02-24,P1007,Headphones,5,89.5,CANCELLED,Japan
12256,C012,Omar Farouk,omar.farouk@example.com,2026-02-25,P1008,Desk Chair,1,176.0,RETURNED,Brazil
12257,C001,John Smith,john@example.com,2026-02-26,P1001,Laptop,2,750.0,PENDING,USA
12258,C002,Priya Sharma,priya.sharma@example.com,2026-02-27,P1002,Wireless Mouse,3,26.0,COMPLETED,India
12259,C003,Carlos Rivera,carlos.rivera@example.com,2026-02-28,P1003,USB-C Hub,4,40.99,CANCELLED,UK
12260,C004,Amina Hassan,amina.hassan@example.com,2026-03-01,P1004,Monitor,5,220.0,RETURNED,Germany
12261,C005,Wei Chen,wei.chen@example.com,2026-03-02,P1005,Keyboard,1,45.5,PENDING,Canada
12262,C006,Emma Wilson,emma.wilson@example.com,2026-03-03,P1006,Webcam,2,60.99,COMPLETED,Australia
12263,C007,Noah Patel,noah.patel@example.com,2026-03-04,P1007,Headphones,3,89.0,CANCELLED,Japan
12264,C008,Sofia Rossi,sofia.rossi@example.com,2026-03-05,P1008,Desk Chair,4,175.5,RETURNED,Brazil
12265,C009,Liam O'Brien,liam.obrien@example.com,2026-03-06,P1001,Laptop,5,751.0,PENDING,USA
12266,C010,Yuki Tanaka,yuki.tanaka@example.com,2026-03-07,P1002,Wireless Mouse,1,25.5,COMPLETED,India
12267,C011,Maria Santos,maria.santos@example.com,2026-03-08,P1003,USB-C Hub,2,40.49,CANCELLED,UK
12268,C012,Omar Farouk,omar.farouk@example.com,2026-03-09,P1004,Monitor,3,221.0,RETURNED,Germany
12269,C001,John Smith,john@example.com,2026-03-10,P1005,Keyboard,4,45.0,PENDING,Canada
12270,C002,Priya Sharma,priya.sharma@example.com,2026-03-11,P1006,Webcam,5,60.49,COMPLETED,Australia
12271,C003,Carlos Rivera,carlos.rivera@example.com,2026-03-12,P1007,Headphones,1,90.0,CANCELLED,Japan
12272,C004,Amina Hassan,amina.hassan@example.com,2026-03-13,P1008,Desk Chair,2,175.0,RETURNED,Brazil
12273,C005,Wei Chen,wei.chen@example.com,2026-03-14,P1001,Laptop,3,750.5,PENDING,USA
12274,C006,Emma Wilson,emma.wilson@example.com,2026-03-15,P1002,Wireless Mouse,4,26.5,COMPLETED,India
12275,C007,Noah Patel,noah.patel@example.com,2026-03-16,P1003,USB-C Hub,5,39.99,CANCELLED,UK
12276,C008,Sofia Rossi,sofia.rossi@example.com,2026-03-17,P1004,Monitor,1,220.5,RETURNED,Germany
12277,C009,Liam O'Brien,liam.obrien@example.com,2026-03-18,P1005,Keyboard,2,46.0,PENDING,Canada
12278,C010,Yuki Tanaka,yuki.tanaka@example.com,2026-03-19,P1006,Webcam,3,59.99,COMPLETED,Australia
12279,C011,Maria Santos,maria.santos@example.com,2026-03-20,P1007,Headphones,4,89.5,CANCELLED,Japan
12280,C012,Omar Farouk,omar.farouk@example.com,2026-03-21,P1008,Desk Chair,5,176.0,RETURNED,Brazil
12281,C001,John Smith,john@example.com,2026-03-22,P1001,Laptop,1,750.0,PENDING,USA
12282,C002,Priya Sharma,priya.sharma@example.com,2026-03-23,P1002,Wireless Mouse,2,26.0,COMPLETED,India
12283,C003,Carlos Rivera,carlos.rivera@example.com,2026-03-24,P1003,USB-C Hub,3,40.99,CANCELLED,UK
12284,C004,Amina Hassan,amina.hassan@example.com,2026-03-25,P1004,Monitor,4,220.0,RETURNED,Germany
12285,C005,Wei Chen,wei.chen@example.com,2026-03-26,P1005,Keyboard,5,45.5,PENDING,Canada
12286,C006,Emma Wilson,emma.wilson@example.com,2026-03-27,P1006,Webcam,1,60.99,COMPLETED,Australia
12287,C007,Noah Patel,noah.patel@example.com,2026-03-28,P1007,Headphones,2,89.0,CANCELLED,Japan
12288,C008,Sofia Rossi,sofia.rossi@example.com,2026-03-29,P1008,Desk Chair,3,175.5,RETURNED,Brazil
12289,C009,Liam O'Brien,liam.obrien@example.com,2026-03-30,P1001,Laptop,4,751.0,PENDING,USA
12290,C010,Yuki Tanaka,yuki.tanaka@example.com,2026-03-31,P1002,Wireless Mouse,5,25.5,COMPLETED,India
12291,C011,Maria Santos,maria.santos@example.com,2026-04-01,P1003,USB-C Hub,1,40.49,CANCELLED,UK
12292,C012,Omar Farouk,omar.farouk@example.com,2026-04-02,P1004,Monitor,2,221.0,RETURNED,Germany
12293,C001,John Smith,john@example.com,2026-04-03,P1005,Keyboard,3,45.0,PENDING,Canada
12294,C002,Priya Sharma,priya.sharma@example.com,2026-04-04,P1006,Webcam,4,60.49,COMPLETED,Australia
12295,C003,Carlos Rivera,carlos.rivera@example.com,2026-04-05,P1007,Headphones,5,90.0,CANCELLED,Japan
12296,C004,Amina Hassan,amina.hassan@example.com,2026-04-06,P1008,Desk Chair,1,175.0,RETURNED,Brazil
12297,C005,Wei Chen,wei.chen@example.com,2026-04-07,P1001,Laptop,2,750.5,PENDING,USA
12298,C006,Emma Wilson,emma.wilson@example.com,2026-04-08,P1002,Wireless Mouse,3,26.5,COMPLETED,India
12299,C007,Noah Patel,noah.patel@example.com,2026-04-09,P1003,USB-C Hub,4,39.99,CANCELLED,UK
12300,C008,Sofia Rossi,sofia.rossi@example.com,2026-04-10,P1004,Monitor,5,220.5,RETURNED,Germany
12301,C009,Liam O'Brien,liam.obrien@example.com,2026-04-11,P1005,Keyboard,1,46.0,PENDING,Canada
12302,C010,Yuki Tanaka,yuki.tanaka@example.com,2026-04-12,P1006,Webcam,2,59.99,COMPLETED,Australia
12303,C011,Maria Santos,maria.santos@example.com,2026-04-13,P1007,Headphones,3,89.5,CANCELLED,Japan
12304,C012,Omar Farouk,omar.farouk@example.com,2026-04-14,P1008,Desk Chair,4,176.0,RETURNED,Brazil
12305,C001,John Smith,john@example.com,2026-04-15,P1001,Laptop,5,750.0,PENDING,USA
12306,C002,Priya Sharma,priya.sharma@example.com,2026-04-16,P1002,Wireless Mouse,1,26.0,COMPLETED,India
12307,C003,Carlos Rivera,carlos.rivera@example.com,2026-04-17,P1003,USB-C Hub,2,40.99,CANCELLED,UK
12308,C004,Amina Hassan,amina.hassan@example.com,2026-04-18,P1004,Monitor,3,220.0,RETURNED,Germany
12309,C005,Wei Chen,wei.chen@example.com,2026-04-19,P1005,Keyboard,4,45.5,PENDING,Canada
12310,C006,Emma Wilson,emma.wilson@example.com,2026-04-20,P1006,Webcam,5,60.99,COMPLETED,Australia
12311,C007,Noah Patel,noah.patel@example.com,2026-04-21,P1007,Headphones,1,89.0,CANCELLED,Japan
12312,C008,Sofia Rossi,sofia.rossi@example.com,2026-04-22,P1008,Desk Chair,2,175.5,RETURNED,Brazil
12313,C009,Liam O'Brien,liam.obrien@example.com,2026-04-23,P1001,Laptop,3,751.0,PENDING,USA
12314,C010,Yuki Tanaka,yuki.tanaka@example.com,2026-04-24,P1002,Wireless Mouse,4,25.5,COMPLETED,India
12315,C011,Maria Santos,maria.santos@example.com,2026-04-25,P1003,USB-C Hub,5,40.49,CANCELLED,UK
12316,C012,Omar Farouk,omar.farouk@example.com,2026-04-26,P1004,Monitor,1,221.0,RETURNED,Germany
12317,C001,John Smith,john@example.com,2026-04-27,P1005,Keyboard,2,45.0,PENDING,Canada
12318,C002,Priya Sharma,priya.sharma@example.com,2026-04-28,P1006,Webcam,3,60.49,COMPLETED,Australia
12319,C003,Carlos Rivera,carlos.rivera@example.com,2026-04-29,P1007,Headphones,4,90.0,CANCELLED,Japan
12320,C004,Amina Hassan,amina.hassan@example.com,2026-04-30,P1008,Desk Chair,5,175.0,RETURNED,Brazil
12321,C005,Wei Chen,wei.chen@example.com,2026-05-01,P1001,Laptop,1,750.5,PENDING,USA
12322,C006,Emma Wilson,emma.wilson@example.com,2026-05-02,P1002,Wireless Mouse,2,26.5,COMPLETED,India
12323,C007,Noah Patel,noah.patel@example.com,2026-05-03,P1003,USB-C Hub,3,39.99,CANCELLED,UK
12324,C008,Sofia Rossi,sofia.rossi@example.com,2026-05-04,P1004,Monitor,4,220.5,RETURNED,Germany
12325,C009,Liam O'Brien,liam.obrien@example.com,2026-05-05,P1005,Keyboard,5,46.0,PENDING,Canada
12326,C010,Yuki Tanaka,yuki.tanaka@example.com,2026-05-06,P1006,Webcam,1,59.99,COMPLETED,Australia
12327,C011,Maria Santos,maria.santos@example.com,2026-05-07,P1007,Headphones,2,89.5,CANCELLED,Japan
12328,C012,Omar Farouk,omar.farouk@example.com,2026-05-08,P1008,Desk Chair,3,176.0,RETURNED,Brazil
12329,C001,John Smith,john@example.com,2026-05-09,P1001,Laptop,4,750.0,PENDING,USA
12330,C002,Priya Sharma,priya.sharma@example.com,2026-05-10,P1002,Wireless Mouse,5,26.0,COMPLETED,India
12331,C003,Carlos Rivera,carlos.rivera@example.com,2026-05-11,P1003,USB-C Hub,1,40.99,CANCELLED,UK
12332,C004,Amina Hassan,amina.hassan@example.com,2026-05-12,P1004,Monitor,2,220.0,RETURNED,Germany
12333,C005,Wei Chen,wei.chen@example.com,2026-05-13,P1005,Keyboard,3,45.5,PENDING,Canada
12334,C006,Emma Wilson,emma.wilson@example.com,2026-05-14,P1006,Webcam,4,60.99,COMPLETED,Australia
12335,C007,Noah Patel,noah.patel@example.com,2026-05-15,P1007,Headphones,5,89.0,CANCELLED,Japan
12336,C008,Sofia Rossi,sofia.rossi@example.com,2026-05-16,P1008,Desk Chair,1,175.5,RETURNED,Brazil
12337,C009,Liam O'Brien,liam.obrien@example.com,2026-05-17,P1001,Laptop,2,751.0,PENDING,USA
12338,C010,Yuki Tanaka,yuki.tanaka@example.com,2026-05-18,P1002,Wireless Mouse,3,25.5,COMPLETED,India
12339,C011,Maria Santos,maria.santos@example.com,2026-05-19,P1003,USB-C Hub,4,40.49,CANCELLED,UK
12340,C012,Omar Farouk,omar.farouk@example.com,2026-05-20,P1004,Monitor,5,221.0,RETURNED,Germany
12341,C001,John Smith,john@example.com,2026-05-21,P1005,Keyboard,1,45.0,PENDING,Canada
12342,C002,Priya Sharma,priya.sharma@example.com,2026-05-22,P1006,Webcam,2,60.49,COMPLETED,Australia
12343,C003,Carlos Rivera,carlos.rivera@example.com,2026-05-23,P1007,Headphones,3,90.0,CANCELLED,Japan
12344,C004,Amina Hassan,amina.hassan@example.com,2026-05-24,P1008,Desk Chair,4,175.0,RETURNED,Brazil
12345,C005,Wei Chen,wei.chen@example.com,2026-05-25,P1001,Laptop,5,750.5,PENDING,USA
12346,C006,Emma Wilson,emma.wilson@example.com,2026-05-26,P1002,Wireless Mouse,1,26.5,COMPLETED,India
12347,C007,Noah Patel,noah.patel@example.com,2026-05-27,P1003,USB-C Hub,2,39.99,CANCELLED,UK
12348,C008,Sofia Rossi,sofia.rossi@example.com,2026-05-28,P1004,Monitor,3,220.5,RETURNED,Germany
12349,C009,Liam O'Brien,liam.obrien@example.com,2026-05-29,P1005,Keyboard,4,46.0,PENDING,Canada
12350,C010,Yuki Tanaka,yuki.tanaka@example.com,2026-05-30,P1006,Webcam,5,59.99,COMPLETED,Australia
12351,C011,Maria Santos,maria.santos@example.com,2026-05-31,P1007,Headphones,1,89.5,CANCELLED,Japan
12352,C012,Omar Farouk,omar.farouk@example.com,2026-06-01,P1008,Desk Chair,2,176.0,RETURNED,Brazil
12353,C001,John Smith,john@example.com,2026-06-02,P1001,Laptop,3,750.0,PENDING,USA
12354,C002,Priya Sharma,priya.sharma@example.com,2026-06-03,P1002,Wireless Mouse,4,26.0,COMPLETED,India
12355,C003,Carlos Rivera,carlos.rivera@example.com,2026-06-04,P1003,USB-C Hub,5,40.99,CANCELLED,UK
12356,C004,Amina Hassan,amina.hassan@example.com,2026-06-05,P1004,Monitor,1,220.0,RETURNED,Germany
12357,C005,Wei Chen,wei.chen@example.com,2026-06-06,P1005,Keyboard,2,45.5,PENDING,Canada
12358,C006,Emma Wilson,emma.wilson@example.com,2026-06-07,P1006,Webcam,3,60.99,COMPLETED,Australia
12359,C007,Noah Patel,noah.patel@example.com,2026-06-08,P1007,Headphones,4,89.0,CANCELLED,Japan
12360,C008,Sofia Rossi,sofia.rossi@example.com,2026-06-09,P1008,Desk Chair,5,175.5,RETURNED,Brazil
12361,C009,Liam O'Brien,liam.obrien@example.com,2026-06-10,P1001,Laptop,1,751.0,PENDING,USA
12362,C010,Yuki Tanaka,yuki.tanaka@example.com,2026-06-11,P1002,Wireless Mouse,2,25.5,COMPLETED,India
12363,C011,Maria Santos,maria.santos@example.com,2026-06-12,P1003,USB-C Hub,3,40.49,CANCELLED,UK
12364,C012,Omar Farouk,omar.farouk@example.com,2026-06-13,P1004,Monitor,4,221.0,RETURNED,Germany
12365,C001,John Smith,john@example.com,2026-06-14,P1005,Keyboard,5,45.0,PENDING,Canada
12366,C002,Priya Sharma,priya.sharma@example.com,2026-06-15,P1006,Webcam,1,60.49,COMPLETED,Australia
12367,C003,Carlos Rivera,carlos.rivera@example.com,2026-06-16,P1007,Headphones,2,90.0,CANCELLED,Japan
12368,C004,Amina Hassan,amina.hassan@example.com,2026-06-17,P1008,Desk Chair,3,175.0,RETURNED,Brazil
12369,C005,Wei Chen,wei.chen@example.com,2026-06-18,P1001,Laptop,4,750.5,PENDING,USA
12370,C006,Emma Wilson,emma.wilson@example.com,2026-06-19,P1002,Wireless Mouse,5,26.5,COMPLETED,India
12371,C007,Noah Patel,noah.patel@example.com,2026-06-20,P1003,USB-C Hub,1,39.99,CANCELLED,UK
12372,C008,Sofia Rossi,sofia.rossi@example.com,2026-06-21,P1004,Monitor,2,220.5,RETURNED,Germany
12373,C009,Liam O'Brien,liam.obrien@example.com,2026-06-22,P1005,Keyboard,3,46.0,PENDING,Canada
12374,C010,Yuki Tanaka,yuki.tanaka@example.com,2026-06-23,P1006,Webcam,4,59.99,COMPLETED,Australia
12375,C011,Maria Santos,maria.santos@example.com,2026-06-24,P1007,Headphones,5,89.5,CANCELLED,Japan
12376,C012,Omar Farouk,omar.farouk@example.com,2026-06-25,P1008,Desk Chair,1,176.0,RETURNED,Brazil
12377,C001,John Smith,john@example.com,2026-06-26,P1001,Laptop,2,750.0,PENDING,USA
12378,C002,Priya Sharma,priya.sharma@example.com,2026-06-27,P1002,Wireless Mouse,3,26.0,COMPLETED,India
12379,C003,Carlos Rivera,carlos.rivera@example.com,2026-06-28,P1003,USB-C Hub,4,40.99,CANCELLED,UK
12380,C004,Amina Hassan,amina.hassan@example.com,2026-06-29,P1004,Monitor,5,220.0,RETURNED,Germany
12381,C005,Wei Chen,wei.chen@example.com,2026-06-30,P1005,Keyboard,1,45.5,PENDING,Canada
12382,C006,Emma Wilson,emma.wilson@example.com,2026-07-01,P1006,Webcam,2,60.99,COMPLETED,Australia
12383,C007,Noah Patel,noah.patel@example.com,2026-07-02,P1007,Headphones,3,89.0,CANCELLED,Japan
12384,C008,Sofia Rossi,sofia.rossi@example.com,2026-07-03,P1008,Desk Chair,4,175.5,RETURNED,Brazil
12385,C009,Liam O'Brien,liam.obrien@example.com,2026-07-04,P1001,Laptop,5,751.0,PENDING,USA
12386,C010,Yuki Tanaka,yuki.tanaka@example.com,2026-07-05,P1002,Wireless Mouse,1,25.5,COMPLETED,India
12387,C011,Maria Santos,maria.santos@example.com,2026-07-06,P1003,USB-C Hub,2,40.49,CANCELLED,UK
12388,C012,Omar Farouk,omar.farouk@example.com,2026-07-07,P1004,Monitor,3,221.0,RETURNED,Germany
12389,C001,John Smith,john@example.com,2026-07-08,P1005,Keyboard,4,45.0,PENDING,Canada
12390,C002,Priya Sharma,priya.sharma@example.com,2026-07-09,P1006,Webcam,5,60.49,COMPLETED,Australia
12391,C003,Carlos Rivera,carlos.rivera@example.com,2026-07-10,P1007,Headphones,1,90.0,CANCELLED,Japan
12392,C004,Amina Hassan,amina.hassan@example.com,2026-07-11,P1008,Desk Chair,2,175.0,RETURNED,Brazil
12393,C005,Wei Chen,wei.chen@example.com,2026-07-12,P1001,Laptop,3,750.5,PENDING,USA
12394,C006,Emma Wilson,emma.wilson@example.com,2026-07-13,P1002,Wireless Mouse,4,26.5,COMPLETED,India
12395,C007,Noah Patel,noah.patel@example.com,2026-07-14,P1003,USB-C Hub,5,39.99,CANCELLED,UK
12396,C008,Sofia Rossi,sofia.rossi@example.com,2026-07-15,P1004,Monitor,1,220.5,RETURNED,Germany
12397,C009,Liam O'Brien,liam.obrien@example.com,2026-07-16,P1005,Keyboard,2,46.0,PENDING,Canada
12398,C010,Yuki Tanaka,yuki.tanaka@example.com,2026-07-17,P1006,Webcam,3,59.99,COMPLETED,Australia
12399,C011,Maria Santos,maria.santos@example.com,2026-07-18,P1007,Headphones,4,89.5,CANCELLED,Japan
12400,C012,Omar Farouk,omar.farouk@example.com,2026-07-19,P1008,Desk Chair,5,176.0,RETURNED,Brazil
12401,C001,John Smith,,2026-01-01,P1001,Laptop,1,750.0,PENDING,USA
12402,C002,Priya Sharma,,2026-01-02,P1002,Wireless Mouse,2,26.0,COMPLETED,India
12403,C003,Carlos Rivera,,2026-01-03,P1003,USB-C Hub,3,40.99,CANCELLED,UK
12404,C004,Amina Hassan,,2026-01-04,P1004,Monitor,4,220.0,RETURNED,Germany
12405,C005,Wei Chen,,2026-01-05,P1005,Keyboard,5,45.5,PENDING,Canada
12406,C006,Emma Wilson,,2026-01-06,P1006,Webcam,1,60.99,COMPLETED,Australia
12407,C007,Noah Patel,,2026-01-07,P1007,Headphones,2,89.0,CANCELLED,Japan
12408,C008,Sofia Rossi,,2026-01-08,P1008,Desk Chair,3,175.5,RETURNED,Brazil
12409,C009,Liam O'Brien,,2026-01-09,P1001,Laptop,4,751.0,PENDING,USA
12410,C010,Yuki Tanaka,,2026-01-10,P1002,Wireless Mouse,5,25.5,COMPLETED,India
12411,C011,Maria Santos,,2026-01-11,P1003,USB-C Hub,1,40.49,CANCELLED,UK
12412,C012,Omar Farouk,,2026-01-12,P1004,Monitor,2,221.0,RETURNED,Germany
12413,C001,John Smith,,2026-01-13,P1005,Keyboard,3,45.0,PENDING,Canada
12414,C002,Priya Sharma,,2026-01-14,P1006,Webcam,4,60.49,COMPLETED,Australia
12415,C003,Carlos Rivera,,2026-01-15,P1007,Headphones,5,90.0,CANCELLED,Japan
12416,C004,Amina Hassan,,2026-01-16,P1008,Desk Chair,1,175.0,RETURNED,Brazil
12417,C005,Wei Chen,,2026-01-17,P1001,Laptop,2,750.5,PENDING,USA
12418,C006,Emma Wilson,,2026-01-18,P1002,Wireless Mouse,3,26.5,COMPLETED,India
12419,C007,Noah Patel,,2026-01-19,P1003,USB-C Hub,4,39.99,CANCELLED,UK
12420,C008,Sofia Rossi,,2026-01-20,P1004,Monitor,5,220.5,RETURNED,Germany
12421,C009,Liam O'Brien,,2026-01-21,P1005,Keyboard,1,46.0,PENDING,Canada
12422,C010,Yuki Tanaka,,2026-01-22,P1006,Webcam,2,59.99,COMPLETED,Australia
12423,C011,Maria Santos,,2026-01-23,P1007,Headphones,3,89.5,CANCELLED,Japan
12424,C012,Omar Farouk,,2026-01-24,P1008,Desk Chair,4,176.0,RETURNED,Brazil
12425,C001,John Smith,,2026-01-25,P1001,Laptop,5,750.0,PENDING,USA
12426,C002,Priya Sharma,,2026-01-26,P1002,Wireless Mouse,1,26.0,COMPLETED,India
12427,C003,Carlos Rivera,,2026-01-27,P1003,USB-C Hub,2,40.99,CANCELLED,UK
12428,C004,Amina Hassan,,2026-01-28,P1004,Monitor,3,220.0,RETURNED,Germany
12429,C005,Wei Chen,,2026-01-29,P1005,Keyboard,4,45.5,PENDING,Canada
12430,C006,Emma Wilson,,2026-01-30,P1006,Webcam,5,60.99,COMPLETED,Australia
12431,C007,Noah Patel,,2026-01-31,P1007,Headphones,1,89.0,CANCELLED,Japan
12432,C008,Sofia Rossi,,2026-02-01,P1008,Desk Chair,2,175.5,RETURNED,Brazil
12433,C009,Liam O'Brien,,2026-02-02,P1001,Laptop,3,751.0,PENDING,USA
12434,C010,Yuki Tanaka,,2026-02-03,P1002,Wireless Mouse,4,25.5,COMPLETED,India
12435,C011,Maria Santos,,2026-02-04,P1003,USB-C Hub,5,40.49,CANCELLED,UK
12436,,Omar Farouk,omar.farouk@example.com,2026-02-05,P1004,Monitor,1,221.0,RETURNED,Germany
12437,,John Smith,john@example.com,2026-02-06,P1005,Keyboard,2,45.0,PENDING,Canada
12438,,Priya Sharma,priya.sharma@example.com,2026-02-07,P1006,Webcam,3,60.49,COMPLETED,Australia
12439,,Carlos Rivera,carlos.rivera@example.com,2026-02-08,P1007,Headphones,4,90.0,CANCELLED,Japan
12440,,Amina Hassan,amina.hassan@example.com,2026-02-09,P1008,Desk Chair,5,175.0,RETURNED,Brazil
12441,,Wei Chen,wei.chen@example.com,2026-02-10,P1001,Laptop,1,750.5,PENDING,USA
12442,,Emma Wilson,emma.wilson@example.com,2026-02-11,P1002,Wireless Mouse,2,26.5,COMPLETED,India
12443,,Noah Patel,noah.patel@example.com,2026-02-12,P1003,USB-C Hub,3,39.99,CANCELLED,UK
12444,,Sofia Rossi,sofia.rossi@example.com,2026-02-13,P1004,Monitor,4,220.5,RETURNED,Germany
12445,,Liam O'Brien,liam.obrien@example.com,2026-02-14,P1005,Keyboard,5,46.0,PENDING,Canada
12446,C010,Yuki Tanaka,yuki.tanaka@example.com,2026-13-40,P1006,Webcam,1,59.99,COMPLETED,Australia
12447,C011,Maria Santos,maria.santos@example.com,not-a-date,P1007,Headphones,2,89.5,CANCELLED,Japan
12448,C012,Omar Farouk,omar.farouk@example.com,32/01/2026,P1008,Desk Chair,3,176.0,RETURNED,Brazil
12449,C001,John Smith,john@example.com,2026/99/01,P1001,Laptop,4,750.0,PENDING,USA
12450,C002,Priya Sharma,priya.sharma@example.com,Jan 40 2026,P1002,Wireless Mouse,5,26.0,COMPLETED,India
12451,C003,Carlos Rivera,carlos.rivera@example.com,0000-00-00,P1003,USB-C Hub,1,40.99,CANCELLED,UK
12452,C004,Amina Hassan,amina.hassan@example.com,2026-02-30,P1004,Monitor,2,220.0,RETURNED,Germany
12453,C005,Wei Chen,wei.chen@example.com,99-99-9999,P1005,Keyboard,3,45.5,PENDING,Canada
12454,C006,Emma Wilson,emma.wilson@example.com,2026-02-23,P1006,Webcam,-3,60.99,COMPLETED,Australia
12455,C007,Noah Patel,noah.patel@example.com,2026-02-24,P1007,Headphones,-3,89.0,CANCELLED,Japan
12456,C008,Sofia Rossi,sofia.rossi@example.com,2026-02-25,P1008,Desk Chair,-3,175.5,RETURNED,Brazil
12457,C009,Liam O'Brien,liam.obrien@example.com,2026-02-26,P1001,Laptop,-3,751.0,PENDING,USA
12458,C010,Yuki Tanaka,yuki.tanaka@example.com,2026-02-27,P1002,Wireless Mouse,-3,25.5,COMPLETED,India
12459,C011,Maria Santos,maria.santos@example.com,2026-02-28,P1003,USB-C Hub,-3,40.49,CANCELLED,UK
12460,C012,Omar Farouk,omar.farouk@example.com,2026-03-01,P1004,Monitor,-3,221.0,RETURNED,Germany
12461,C001,John Smith,john@example.com,2026-03-02,P1005,Keyboard,-3,45.0,PENDING,Canada
12462,C002,Priya Sharma,priya.sharma@example.com,2026-03-03,P1006,Webcam,-3,60.49,COMPLETED,Australia
12463,C003,Carlos Rivera,carlos.rivera@example.com,2026-03-04,P1007,Headphones,-3,90.0,CANCELLED,Japan
12464,C004,Amina Hassan,amina.hassan@example.com,2026-03-05,P1008,Desk Chair,0,175.0,RETURNED,Brazil
12465,C005,Wei Chen,wei.chen@example.com,2026-03-06,P1001,Laptop,0,750.5,PENDING,USA
12466,C006,Emma Wilson,emma.wilson@example.com,2026-03-07,P1002,Wireless Mouse,0,26.5,COMPLETED,India
12467,C007,Noah Patel,noah.patel@example.com,2026-03-08,P1003,USB-C Hub,0,39.99,CANCELLED,UK
12468,C008,Sofia Rossi,sofia.rossi@example.com,2026-03-09,P1004,Monitor,0,220.5,RETURNED,Germany
12469,C009,Liam O'Brien,liam.obrien@example.com,2026-03-10,P1005,Keyboard,4,-12.5,PENDING,Canada
12470,C010,Yuki Tanaka,yuki.tanaka@example.com,2026-03-11,P1006,Webcam,5,-12.5,COMPLETED,Australia
12471,C011,Maria Santos,maria.santos@example.com,2026-03-12,P1007,Headphones,1,-12.5,CANCELLED,Japan
12472,C012,Omar Farouk,omar.farouk@example.com,2026-03-13,P1008,Desk Chair,2,-12.5,RETURNED,Brazil
12473,C001,John Smith,john@example.com,2026-03-14,,Laptop,3,750.0,PENDING,USA
12474,C002,Priya Sharma,priya.sharma@example.com,2026-03-15,,Wireless Mouse,4,26.0,COMPLETED,India
12475,C003,Carlos Rivera,carlos.rivera@example.com,2026-03-16,,USB-C Hub,5,40.99,CANCELLED,UK
12476,C004,Amina Hassan,amina.hassan@example.com,2026-03-17,,Monitor,1,220.0,RETURNED,Germany
12477,C005,Wei Chen,wei.chen@example.com,2026-03-18,,Keyboard,2,45.5,PENDING,Canada
12478,C006,Emma Wilson,emma.wilson@example.com,2026-03-19,,Webcam,3,60.99,COMPLETED,Australia
12479,C007,Noah Patel,noah.patel@example.com,2026-03-20,,Headphones,4,89.0,CANCELLED,Japan
12480,C008,Sofia Rossi,sofia.rossi@example.com,2026-03-21,,Desk Chair,5,175.5,RETURNED,Brazil
12481,C009,Liam O'Brien,liam.obrien@example.com,2026-03-22,,Laptop,1,751.0,PENDING,USA
12482,C010,Yuki Tanaka,yuki.tanaka@example.com,2026-03-23,,Wireless Mouse,2,25.5,COMPLETED,India
12483,C011,Maria Santos,maria.santos@example.com,2026-03-24,P1003,USB-C Hub,3,40.49,SHIPPED,UK
12484,C012,Omar Farouk,omar.farouk@example.com,2026-03-25,P1004,Monitor,4,221.0,DONE,Germany
12485,C001,John Smith,john@example.com,2026-03-26,P1005,Keyboard,5,45.0,complete,Canada
12486,C002,Priya Sharma,priya.sharma@example.com,2026-03-27,P1006,Webcam,1,60.49,UNKNOWN,Australia
12487,C003,Carlos Rivera,carlos.rivera@example.com,2026-03-28,P1007,Headphones,2,90.0,IN_PROGRESS,Japan
12488,C004,Amina Hassan,amina.hassan@example.com,2026-03-29,P1008,Desk Chair,3,175.0,OPEN,Brazil
12489,C005,Wei Chen,wei.chen@example.com,2026-03-30,P1001,Laptop,4,750.5,CLOSED,USA
12490,C006,Emma Wilson,emma.wilson@example.com,2026-03-31,P1002,Wireless Mouse,5,26.5,FAILED,India
12491,C007,Noah Patel,noah.patel@example.com,2026-04-01,P1003,USB-C Hub,1,39.99,HOLD,UK
12492,C008,Sofia Rossi,sofia.rossi@example.com,2026-04-02,P1004,Monitor,2,220.5,PROCESSING,Germany
12493,C009,,liam.obrien@example.com,2026-04-03,P1005,Keyboard,3,46.0,PENDING,Canada
12494,C010,,yuki.tanaka@example.com,2026-04-04,P1006,Webcam,4,59.99,COMPLETED,Australia
12495,C011,,maria.santos@example.com,2026-04-05,P1007,Headphones,5,89.5,CANCELLED,Japan
12496,C012,,omar.farouk@example.com,2026-04-06,P1008,Desk Chair,1,176.0,RETURNED,Brazil
12497,C001,,john@example.com,2026-04-07,P1001,Laptop,2,750.0,PENDING,USA
12498,C002,,priya.sharma@example.com,2026-04-08,P1002,Wireless Mouse,3,26.0,COMPLETED,India
12499,C003,,carlos.rivera@example.com,2026-04-09,P1003,USB-C Hub,4,40.99,CANCELLED,UK
12500,C004,,amina.hassan@example.com,2026-04-10,P1004,Monitor,5,220.0,RETURNED,Germany
